trade_date,up_count,down_count,flat_count,total_count,total_amount_trillion,total_market_cap_trillion,broad_turnover_pct,source,snapshot_kind
20240102,2357,2745,98,5200,1.01712965429345,90.0,1.1301440603260555,内置演示数据（首次在线更新后自动替换）,演示快照
20240103,2813,2300,87,5200,1.0647155072686594,90.02,1.182754395988291,内置演示数据（首次在线更新后自动替换）,演示快照
20240104,2522,2586,92,5200,1.1278684916157398,90.04,1.252630488244935,内置演示数据（首次在线更新后自动替换）,演示快照
20240105,2909,2147,144,5200,1.0134901207150235,90.06,1.1253499008605636,内置演示数据（首次在线更新后自动替换）,演示快照
20240108,3463,1594,143,5200,1.0135831087656026,90.08,1.1252032734964506,内置演示数据（首次在线更新后自动替换）,演示快照
20240109,2735,2423,42,5200,0.9478765658545808,90.1,1.0520272650994238,内置演示数据（首次在线更新后自动替换）,演示快照
20240110,3554,1514,132,5200,0.9378144977237037,90.12,1.0406286037768573,内置演示数据（首次在线更新后自动替换）,演示快照
20240111,3068,2053,79,5200,1.101532970171591,90.14,1.2220245952646893,内置演示数据（首次在线更新后自动替换）,演示快照
20240112,2843,2235,122,5200,1.1231568651021984,90.16,1.2457374280192974,内置演示数据（首次在线更新后自动替换）,演示快照
20240115,2879,2173,148,5200,1.0608734534151636,90.18,1.1763954905912215,内置演示数据（首次在线更新后自动替换）,演示快照
20240116,3619,1485,96,5200,1.0939093724086009,90.2,1.2127598363731718,内置演示数据（首次在线更新后自动替换）,演示快照
20240117,3251,1841,108,5200,1.3011291440479829,90.22,1.442173735366862,内置演示数据（首次在线更新后自动替换）,演示快照
20240118,3059,2054,87,5200,1.2647763535785501,90.24,1.401569540756372,内置演示数据（首次在线更新后自动替换）,演示快照
20240119,3178,1974,48,5200,1.109020633374173,90.26,1.2286955831754631,内置演示数据（首次在线更新后自动替换）,演示快照
20240122,3354,1802,44,5200,1.1895680961884876,90.28,1.317642995335055,内置演示数据（首次在线更新后自动替换）,演示快照
20240123,3293,1828,79,5200,1.2721929846346138,90.3,1.408851588742651,内置演示数据（首次在线更新后自动替换）,演示快照
20240124,3403,1667,130,5200,1.2040871935168074,90.32,1.3331346252400436,内置演示数据（首次在线更新后自动替换）,演示快照
20240125,3747,1376,77,5200,1.203715734464546,90.34,1.33242830912613,内置演示数据（首次在线更新后自动替换）,演示快照
20240126,3136,1977,87,5200,1.2552615739949151,90.36,1.389178368741606,内置演示数据（首次在线更新后自动替换）,演示快照
20240129,3550,1552,98,5200,1.3831703233059742,90.38,1.530394250172576,内置演示数据（首次在线更新后自动替换）,演示快照
20240130,3414,1711,75,5200,1.4036970057363676,90.4,1.552762174487132,内置演示数据（首次在线更新后自动替换）,演示快照
20240131,3340,1767,93,5200,1.2632730981954639,90.42,1.3971168969204422,内置演示数据（首次在线更新后自动替换）,演示快照
20240201,3701,1393,106,5200,1.371519007695978,90.44,1.5164960279699005,内置演示数据（首次在线更新后自动替换）,演示快照
20240202,3157,1910,133,5200,1.34635622980934,90.46,1.488344273501371,内置演示数据（首次在线更新后自动替换）,演示快照
20240205,2968,2110,122,5200,1.2780192060508773,90.48,1.4124880703480076,内置演示数据（首次在线更新后自动替换）,演示快照
20240206,3544,1527,129,5200,1.3463224655380153,90.5,1.4876491331911772,内置演示数据（首次在线更新后自动替换）,演示快照
20240207,3468,1635,97,5200,1.2799489014171086,90.52,1.413995693125396,内置演示数据（首次在线更新后自动替换）,演示快照
20240208,3202,1882,116,5200,1.4847078737859893,90.54,1.639836396936149,内置演示数据（首次在线更新后自动替换）,演示快照
20240209,3121,2023,56,5200,1.52600189525963,90.56,1.6850727642001213,内置演示数据（首次在线更新后自动替换）,演示快照
20240212,3916,1228,56,5200,1.3786525546556991,90.58,1.5220275498517324,内置演示数据（首次在线更新后自动替换）,演示快照
20240213,3584,1475,141,5200,1.3688091474004034,90.6,1.5108268735103791,内置演示数据（首次在线更新后自动替换）,演示快照
20240214,3475,1619,106,5200,1.5138726980416488,90.62,1.6705723880397803,内置演示数据（首次在线更新后自动替换）,演示快照
20240215,3939,1209,52,5200,1.5350895251834142,90.64,1.6936115679428665,内置演示数据（首次在线更新后自动替换）,演示快照
20240216,3663,1453,84,5200,1.3564507678793165,90.66,1.4961954201183725,内置演示数据（首次在线更新后自动替换）,演示快照
20240219,3807,1247,146,5200,1.4410711072984785,90.68,1.5891829590852211,内置演示数据（首次在线更新后自动替换）,演示快照
20240220,3135,2023,42,5200,1.4550074185971786,90.7,1.604197815432391,内置演示数据（首次在线更新后自动替换）,演示快照
20240221,3100,2012,88,5200,1.4043574410912196,90.72,1.5480130523492281,内置演示数据（首次在线更新后自动替换）,演示快照
20240222,3475,1593,132,5200,1.5026773803177624,90.74,1.6560253254548847,内置演示数据（首次在线更新后自动替换）,演示快照
20240223,3399,1657,144,5200,1.4210583473897254,90.76,1.5657319825801292,内置演示数据（首次在线更新后自动替换）,演示快照
20240226,3549,1571,80,5200,1.4385582330800866,90.78,1.5846642796652197,内置演示数据（首次在线更新后自动替换）,演示快照
20240227,2879,2181,140,5200,1.477861532294853,90.8,1.6276008064921288,内置演示数据（首次在线更新后自动替换）,演示快照
20240228,3354,1728,118,5200,1.370493910570884,90.82,1.5090221433284343,内置演示数据（首次在线更新后自动替换）,演示快照
20240229,3377,1739,84,5200,1.3282086033960985,90.84,1.4621406906606103,内置演示数据（首次在线更新后自动替换）,演示快照
20240301,3323,1752,125,5200,1.5687452047883788,90.86,1.7265520633814428,内置演示数据（首次在线更新后自动替换）,演示快照
20240304,2983,2089,128,5200,1.4380658548385805,90.88,1.582378801538931,内置演示数据（首次在线更新后自动替换）,演示快照
20240305,3141,1989,70,5200,1.6695366199440305,90.9,1.8366739493333668,内置演示数据（首次在线更新后自动替换）,演示快照
20240306,2809,2342,49,5200,1.6573962060713425,90.92,1.8229170766292813,内置演示数据（首次在线更新后自动替换）,演示快照
20240307,2866,2209,125,5200,1.459477446745341,90.94,1.6048795323788663,内置演示数据（首次在线更新后自动替换）,演示快照
20240308,2652,2499,49,5200,1.6869110411673627,90.96,1.8545635896738817,内置演示数据（首次在线更新后自动替换）,演示快照
20240311,2663,2412,125,5200,1.5740285616577803,90.98,1.7300819538995167,内置演示数据（首次在线更新后自动替换）,演示快照
20240312,2726,2395,79,5200,1.4460788746404365,91.0,1.5890976644400403,内置演示数据（首次在线更新后自动替换）,演示快照
20240313,2619,2464,117,5200,1.2892852260412524,91.02,1.4164856361692513,内置演示数据（首次在线更新后自动替换）,演示快照
20240314,2507,2586,107,5200,1.5484623686995915,91.04,1.7008593680795163,内置演示数据（首次在线更新后自动替换）,演示快照
20240315,2335,2821,44,5200,1.4929429976215254,91.06,1.6395157013194877,内置演示数据（首次在线更新后自动替换）,演示快照
20240318,3000,2159,41,5200,1.5214327422985936,91.08,1.6704355976049559,内置演示数据（首次在线更新后自动替换）,演示快照
20240319,2405,2686,109,5200,1.464560432758394,91.1,1.607640431128863,内置演示数据（首次在线更新后自动替换）,演示快照
20240320,2535,2569,96,5200,1.3867658142942743,91.12,1.5219115609024079,内置演示数据（首次在线更新后自动替换）,演示快照
20240321,2024,3132,44,5200,1.4389879106900134,91.14,1.578876355815244,内置演示数据（首次在线更新后自动替换）,演示快照
20240322,2658,2395,147,5200,1.524031028226082,91.16,1.6718199081023277,内置演示数据（首次在线更新后自动替换）,演示快照
20240325,2345,2789,66,5200,1.432980621067411,91.18,1.5715953290934535,内置演示数据（首次在线更新后自动替换）,演示快照
20240326,2161,2905,134,5200,1.4258152848254324,91.2,1.5633939526594653,内置演示数据（首次在线更新后自动替换）,演示快照
20240327,2115,3033,52,5200,1.3259106908594234,91.22,1.4535306850026566,内置演示数据（首次在线更新后自动替换）,演示快照
20240328,2355,2780,65,5200,1.447073507351043,91.24,1.5860077897315246,内置演示数据（首次在线更新后自动替换）,演示快照
20240329,1468,3634,98,5200,1.3426501280054346,91.26,1.4712361691928935,内置演示数据（首次在线更新后自动替换）,演示快照
20240401,1893,3209,98,5200,1.496434477458822,91.28,1.6393892171985343,内置演示数据（首次在线更新后自动替换）,演示快照
20240402,2006,3088,106,5200,1.3551021040445659,91.3,1.4842301249119014,内置演示数据（首次在线更新后自动替换）,演示快照
20240403,1963,3179,58,5200,1.3805918746701344,91.32,1.5118176463755306,内置演示数据（首次在线更新后自动替换）,演示快照
20240404,2505,2626,69,5200,1.5673357899351519,91.34,1.7159358330798684,内置演示数据（首次在线更新后自动替换）,演示快照
20240405,1844,3288,68,5200,1.3592220911759803,91.36,1.4877649859632007,内置演示数据（首次在线更新后自动替换）,演示快照
20240408,2103,3009,88,5200,1.337606620797714,91.38,1.4637848772135194,内置演示数据（首次在线更新后自动替换）,演示快照
20240409,2253,2806,141,5200,1.4083926997410767,91.4,1.5409110500449417,内置演示数据（首次在线更新后自动替换）,演示快照
20240410,1973,3137,90,5200,1.2070106542875672,91.42,1.3202916804720708,内置演示数据（首次在线更新后自动替换）,演示快照
20240411,1652,3399,149,5200,1.4377963360178576,91.44,1.5723931933703603,内置演示数据（首次在线更新后自动替换）,演示快照
20240412,1494,3639,67,5200,1.4047715629842124,91.46,1.5359409173236522,内置演示数据（首次在线更新后自动替换）,演示快照
20240415,1921,3213,66,5200,1.3543759058362728,91.48,1.4805158568389514,内置演示数据（首次在线更新后自动替换）,演示快照
20240416,2102,3047,51,5200,1.0290682725738733,91.5,1.1246647787692603,内置演示数据（首次在线更新后自动替换）,演示快照
20240417,1846,3291,63,5200,1.2649669882395616,91.52,1.3821754679191014,内置演示数据（首次在线更新后自动替换）,演示快照
20240418,1986,3140,74,5200,1.1700570409144546,91.54,1.278192091888196,内置演示数据（首次在线更新后自动替换）,演示快照
20240419,2277,2841,82,5200,1.3476792286274955,91.56,1.4719082881471117,内置演示数据（首次在线更新后自动替换）,演示快照
20240422,1886,3196,118,5200,1.32753355667263,91.58,1.4495889459190108,内置演示数据（首次在线更新后自动替换）,演示快照
20240423,1457,3654,89,5200,1.2596771045043678,91.6,1.375193345528786,内置演示数据（首次在线更新后自动替换）,演示快照
20240424,1712,3373,115,5200,1.117441044345714,91.62,1.219647505288926,内置演示数据（首次在线更新后自动替换）,演示快照
20240425,2007,3144,49,5200,1.3180496924748692,91.64,1.4382908036609223,内置演示数据（首次在线更新后自动替换）,演示快照
20240426,1658,3398,144,5200,1.162120938053816,91.66,1.2678605040953699,内置演示数据（首次在线更新后自动替换）,演示快照
20240429,2054,3090,56,5200,1.3119237604299978,91.68,1.4309814140815855,内置演示数据（首次在线更新后自动替换）,演示快照
20240430,1722,3435,43,5200,1.17293119903294,91.7,1.2790961821515159,内置演示数据（首次在线更新后自动替换）,演示快照
20240501,1827,3287,86,5200,1.1762824935944731,91.72,1.282471100735361,内置演示数据（首次在线更新后自动替换）,演示快照
20240502,1695,3394,111,5200,1.0828003138419888,91.74,1.1802924720318169,内置演示数据（首次在线更新后自动替换）,演示快照
20240503,1830,3305,65,5200,1.2159350193679865,91.76,1.3251253480470646,内置演示数据（首次在线更新后自动替换）,演示快照
20240506,1867,3276,57,5200,1.13569233798137,91.78,1.2374072107009915,内置演示数据（首次在线更新后自动替换）,演示快照
20240507,1494,3574,132,5200,1.1859913394311035,91.8,1.2919295636504395,内置演示数据（首次在线更新后自动替换）,演示快照
20240508,1781,3289,130,5200,1.0682272839602622,91.82,1.1633928163365959,内置演示数据（首次在线更新后自动替换）,演示快照
20240509,1639,3439,122,5200,1.0336648582869996,91.84,1.1255061610267851,内置演示数据（首次在线更新后自动替换）,演示快照
20240510,1856,3280,64,5200,1.0684007442485501,91.86,1.163075053612617,内置演示数据（首次在线更新后自动替换）,演示快照
20240513,1809,3293,98,5200,1.1195328539039489,91.88,1.218472849264202,内置演示数据（首次在线更新后自动替换）,演示快照
20240514,2246,2839,115,5200,1.0688030516815492,91.9,1.1630065850724147,内置演示数据（首次在线更新后自动替换）,演示快照
20240515,2290,2823,87,5200,0.9818708328585517,91.92,1.0681797572438552,内置演示数据（首次在线更新后自动替换）,演示快照
20240516,2232,2909,59,5200,0.8056164959367808,91.94,0.87624156617009,内置演示数据（首次在线更新后自动替换）,演示快照
20240517,1875,3194,131,5200,1.0024567988267565,91.96,1.090100912164807,内置演示数据（首次在线更新后自动替换）,演示快照
20240520,2179,2878,143,5200,0.8060307691320565,91.98,0.8763109036008443,内置演示数据（首次在线更新后自动替换）,演示快照
20240521,1952,3190,58,5200,0.9075164790544444,92.0,0.9864309554939613,内置演示数据（首次在线更新后自动替换）,演示快照
20240522,2265,2818,117,5200,0.8791494504944636,92.02,0.9553895354210645,内置演示数据（首次在线更新后自动替换）,演示快照
20240523,2490,2573,137,5200,0.7588079703413353,92.04,0.8244328230566441,内置演示数据（首次在线更新后自动替换）,演示快照
20240524,2618,2483,99,5200,0.8859903538132381,92.06,0.962405337620289,内置演示数据（首次在线更新后自动替换）,演示快照
20240527,2555,2600,45,5200,1.0126559574523701,92.08,1.0997566870681692,内置演示数据（首次在线更新后自动替换）,演示快照
20240528,2781,2304,115,5200,0.7995999436607965,92.1,0.8681866923569994,内置演示数据（首次在线更新后自动替换）,演示快照
20240529,2614,2445,141,5200,0.8703714685948447,92.12,0.9448235655610558,内置演示数据（首次在线更新后自动替换）,演示快照
20240530,2558,2574,68,5200,0.9822610824024653,92.14,1.0660528352533811,内置演示数据（首次在线更新后自动替换）,演示快照
20240531,2854,2291,55,5200,0.8477488358732836,92.16,0.9198663583694484,内置演示数据（首次在线更新后自动替换）,演示快照
20240603,2914,2219,67,5200,0.7123320187175978,92.18,0.7727620077214121,内置演示数据（首次在线更新后自动替换）,演示快照
20240604,2652,2419,129,5200,0.7683226593956474,92.2,0.8333217563944114,内置演示数据（首次在线更新后自动替换）,演示快照
20240605,2902,2197,101,5200,0.7735443441944986,92.22,0.8388032359515274,内置演示数据（首次在线更新后自动替换）,演示快照
20240606,2805,2354,41,5200,0.8358017602052759,92.24,0.9061163922433607,内置演示数据（首次在线更新后自动替换）,演示快照
20240607,2478,2618,104,5200,0.8045453806442718,92.26,0.8720413837462301,内置演示数据（首次在线更新后自动替换）,演示快照
20240610,3066,2005,129,5200,0.4724803650498752,92.28,0.5120073310033325,内置演示数据（首次在线更新后自动替换）,演示快照
20240611,2732,2408,60,5200,0.6125642810658799,92.3,0.6636666100388732,内置演示数据（首次在线更新后自动替换）,演示快照
20240612,3135,1961,104,5200,0.6628024423947868,92.32,0.7179402538938333,内置演示数据（首次在线更新后自动替换）,演示快照
20240613,2769,2366,65,5200,0.5748939554049974,92.34,0.6225838806638482,内置演示数据（首次在线更新后自动替换）,演示快照
20240614,2992,2166,42,5200,0.35,92.36,0.37895192724122995,内置演示数据（首次在线更新后自动替换）,演示快照
20240617,3095,2021,84,5200,0.5746515198182008,92.38,0.6220518725029237,内置演示数据（首次在线更新后自动替换）,演示快照
20240618,3494,1581,125,5200,0.621309903747023,92.4,0.6724133157435314,内置演示数据（首次在线更新后自动替换）,演示快照
20240619,3149,1938,113,5200,0.5688941381309005,92.42,0.6155530600853717,内置演示数据（首次在线更新后自动替换）,演示快照
20240620,3064,2085,51,5200,0.5209118872732288,92.44,0.5635135085171233,内置演示数据（首次在线更新后自动替换）,演示快照
20240621,3413,1727,60,5200,0.5941786144505812,92.46,0.6426331542835618,内置演示数据（首次在线更新后自动替换）,演示快照
20240624,3314,1787,99,5200,0.6089571515805746,92.48,0.6584744286122131,内置演示数据（首次在线更新后自动替换）,演示快照
20240625,3563,1562,75,5200,0.5351359272633422,92.5,0.5785253267711808,内置演示数据（首次在线更新后自动替换）,演示快照
20240626,3190,1934,76,5200,0.6739516195910997,92.52,0.7284388452130347,内置演示数据（首次在线更新后自动替换）,演示快照
20240627,3481,1632,87,5200,0.5609018484061576,92.54,0.6061182714568377,内置演示数据（首次在线更新后自动替换）,演示快照
20240628,3996,1081,123,5200,0.47912915426497554,92.56,0.5176416964833357,内置演示数据（首次在线更新后自动替换）,演示快照
20240701,3415,1682,103,5200,0.4519540458372859,92.58,0.4881767615438387,内置演示数据（首次在线更新后自动替换）,演示快照
20240702,3521,1546,133,5200,0.5184551651039262,92.6,0.5598867873692508,内置演示数据（首次在线更新后自动替换）,演示快照
20240703,3124,2025,51,5200,0.6186581907672927,92.62,0.6679531319016332,内置演示数据（首次在线更新后自动替换）,演示快照
20240704,3308,1801,91,5200,0.4583038663237913,92.64,0.49471488161031013,内置演示数据（首次在线更新后自动替换）,演示快照
20240705,3600,1500,100,5200,0.5670123652158404,92.66,0.6119278709430611,内置演示数据（首次在线更新后自动替换）,演示快照
20240708,3427,1650,123,5200,0.5225836177267588,92.68,0.5638580251691397,内置演示数据（首次在线更新后自动替换）,演示快照
20240709,3631,1473,96,5200,0.6706935787278256,92.7,0.7235097936653998,内置演示数据（首次在线更新后自动替换）,演示快照
20240710,3583,1477,140,5200,0.5392139565071178,92.72,0.5815508590456404,内置演示数据（首次在线更新后自动替换）,演示快照
20240711,3191,1877,132,5200,0.44944126140274293,92.74,0.48462503925247247,内置演示数据（首次在线更新后自动替换）,演示快照
20240712,3692,1393,115,5200,0.5620640604844428,92.76,0.6059336572708525,内置演示数据（首次在线更新后自动替换）,演示快照
20240715,3180,1937,83,5200,0.5631633945250764,92.78,0.6069879225318779,内置演示数据（首次在线更新后自动替换）,演示快照
20240716,3267,1858,75,5200,0.4687616604673708,92.8,0.5051310996415634,内置演示数据（首次在线更新后自动替换）,演示快照
20240717,3464,1638,98,5200,0.4069187148715488,92.82,0.4383955126821254,内置演示数据（首次在线更新后自动替换）,演示快照
20240718,3735,1375,90,5200,0.5429924777693813,92.84,0.5848691057403934,内置演示数据（首次在线更新后自动替换）,演示快照
20240719,3142,2015,43,5200,0.5058175501469848,92.86,0.5447098321634556,内置演示数据（首次在线更新后自动替换）,演示快照
20240722,3366,1769,65,5200,0.3805936882430754,92.88,0.4097692595209684,内置演示数据（首次在线更新后自动替换）,演示快照
20240723,3336,1733,131,5200,0.5240141086191725,92.9,0.5640625496438886,内置演示数据（首次在线更新后自动替换）,演示快照
20240724,3412,1698,90,5200,0.45497917621484185,92.92,0.48964612162595983,内置演示数据（首次在线更新后自动替换）,演示快照
20240725,3491,1565,144,5200,0.3875255303388353,92.94,0.4169631271130141,内置演示数据（首次在线更新后自动替换）,演示快照
20240726,3103,2030,67,5200,0.4839852283192644,92.96,0.5206381543881932,内置演示数据（首次在线更新后自动替换）,演示快照
20240729,3374,1680,146,5200,0.6187108769571572,92.98,0.665423614709784,内置演示数据（首次在线更新后自动替换）,演示快照
20240730,3401,1671,128,5200,0.6171827826754753,93.0,0.6636374007263176,内置演示数据（首次在线更新后自动替换）,演示快照
20240731,3457,1664,79,5200,0.6012712016594355,93.02,0.6463891654046823,内置演示数据（首次在线更新后自动替换）,演示快照
20240801,3128,1965,107,5200,0.5525899744653163,93.04,0.5939273156334011,内置演示数据（首次在线更新后自动替换）,演示快照
20240802,3005,2047,148,5200,0.5847564351045418,93.06,0.6283649635767696,内置演示数据（首次在线更新后自动替换）,演示快照
20240805,2817,2274,109,5200,0.5515398348002952,93.08,0.5925438706492213,内置演示数据（首次在线更新后自动替换）,演示快照
20240806,2551,2507,142,5200,0.4623068221624777,93.1,0.49657016343982574,内置演示数据（首次在线更新后自动替换）,演示快照
20240807,2760,2388,52,5200,0.4858325202317286,93.12,0.5217273627918048,内置演示数据（首次在线更新后自动替换）,演示快照
20240808,2794,2349,57,5200,0.5177507446741468,93.14,0.555884415583151,内置演示数据（首次在线更新后自动替换）,演示快照
20240809,2693,2467,40,5200,0.686968307681505,93.16,0.7374069425520663,内置演示数据（首次在线更新后自动替换）,演示快照
20240812,2796,2329,75,5200,0.6700015373776849,93.18,0.7190400701627869,内置演示数据（首次在线更新后自动替换）,演示快照
20240813,2291,2783,126,5200,0.5069450991500639,93.2,0.543932509817665,内置演示数据（首次在线更新后自动替换）,演示快照
20240814,2518,2536,146,5200,0.6075274266032664,93.22,0.6517136093148106,内置演示数据（首次在线更新后自动替换）,演示快照
20240815,2944,2157,99,5200,0.5814091848017883,93.24,0.6235619742618923,内置演示数据（首次在线更新后自动替换）,演示快照
20240816,2672,2442,86,5200,0.612000605784398,93.26,0.6562305444825197,内置演示数据（首次在线更新后自动替换）,演示快照
20240819,2537,2521,142,5200,0.5927334012024789,93.28,0.6354346067779576,内置演示数据（首次在线更新后自动替换）,演示快照
20240820,2436,2660,104,5200,0.7596851670393062,93.3,0.8142391929681738,内置演示数据（首次在线更新后自动替换）,演示快照
20240821,2219,2882,99,5200,0.6577222553167169,93.32,0.7048031025682779,内置演示数据（首次在线更新后自动替换）,演示快照
20240822,1864,3287,49,5200,0.6889108566538095,93.34,0.7380660559822257,内置演示数据（首次在线更新后自动替换）,演示快照
20240823,2302,2835,63,5200,0.702307337554505,93.36,0.7522572167464707,内置演示数据（首次在线更新后自动替换）,演示快照
20240826,1616,3468,116,5200,0.6152441070614354,93.38,0.6588606843664976,内置演示数据（首次在线更新后自动替换）,演示快照
20240827,2038,3046,116,5200,0.7195851749550877,93.4,0.770433806161764,内置演示数据（首次在线更新后自动替换）,演示快照
20240828,2066,3040,94,5200,0.8096425744441286,93.42,0.8666694224407285,内置演示数据（首次在线更新后自动替换）,演示快照
20240829,1926,3157,117,5200,0.8565347651991311,93.44,0.9166681990572892,内置演示数据（首次在线更新后自动替换）,演示快照
20240830,2463,2621,116,5200,0.6612468314047184,93.46,0.7075185441950764,内置演示数据（首次在线更新后自动替换）,演示快照
20240902,2349,2804,47,5200,0.6462108113020231,93.48,0.6912824254407607,内置演示数据（首次在线更新后自动替换）,演示快照
20240903,2139,2930,131,5200,0.7875546465907831,93.5,0.8423044348564526,内置演示数据（首次在线更新后自动替换）,演示快照
20240904,1675,3409,116,5200,0.8864454072399774,93.52,0.947867201924698,内置演示数据（首次在线更新后自动替换）,演示快照
20240905,2271,2865,64,5200,0.841829383927577,93.54,0.8999672695398513,内置演示数据（首次在线更新后自动替换）,演示快照
20240906,1957,3180,63,5200,0.8830443101015859,93.56,0.9438267529944269,内置演示数据（首次在线更新后自动替换）,演示快照
20240909,1588,3467,145,5200,0.7355500626709008,93.58,0.7860120353397103,内置演示数据（首次在线更新后自动替换）,演示快照
20240910,1780,3353,67,5200,0.8145332521589375,93.6,0.8702278335031384,内置演示数据（首次在线更新后自动替换）,演示快照
20240911,1964,3193,43,5200,0.700680749453859,93.62,0.7484306232149743,内置演示数据（首次在线更新后自动替换）,演示快照
20240912,1605,3552,43,5200,0.8811855272379907,93.64,0.9410353772298063,内置演示数据（首次在线更新后自动替换）,演示快照
20240913,1754,3381,65,5200,0.7357811925964903,93.66,0.7855874360415229,内置演示数据（首次在线更新后自动替换）,演示快照
20240916,1782,3309,109,5200,1.0319670527185854,93.68,1.1015873748063465,内置演示数据（首次在线更新后自动替换）,演示快照
20240917,1463,3647,90,5200,1.0662581349026,93.7,1.137948916651654,内置演示数据（首次在线更新后自动替换）,演示快照
20240918,1641,3439,120,5200,0.9697067779561931,93.72,1.034684995685225,内置演示数据（首次在线更新后自动替换）,演示快照
20240919,1474,3661,65,5200,0.8540784876037391,93.74,0.9111142389628111,内置演示数据（首次在线更新后自动替换）,演示快照
20240920,1892,3243,65,5200,1.0217980676653733,93.76,1.0898016933291097,内置演示数据（首次在线更新后自动替换）,演示快照
20240923,1506,3610,84,5200,1.1571375549190501,93.78,1.2338852153114204,内置演示数据（首次在线更新后自动替换）,演示快照
20240924,1778,3295,127,5200,1.0631223449160405,93.8,1.1333926918081456,内置演示数据（首次在线更新后自动替换）,演示快照
20240925,1419,3686,95,5200,1.1364909331189024,93.82,1.211352518779474,内置演示数据（首次在线更新后自动替换）,演示快照
20240926,1490,3587,123,5200,1.0194613774895491,93.84,1.0863825420817872,内置演示数据（首次在线更新后自动替换）,演示快照
20240927,1496,3654,50,5200,1.0050954435810509,93.86,1.0708453479448656,内置演示数据（首次在线更新后自动替换）,演示快照
20240930,1713,3402,85,5200,1.0855578368544552,93.88,1.156324922086126,内置演示数据（首次在线更新后自动替换）,演示快照
20241001,1839,3273,88,5200,0.9534235656486494,93.9,1.0153605597962185,内置演示数据（首次在线更新后自动替换）,演示快照
20241002,1905,3248,47,5200,1.304900775366404,93.92,1.3893747608245357,内置演示数据（首次在线更新后自动替换）,演示快照
20241003,1463,3663,74,5200,1.1510218770078207,93.94,1.2252734479538223,内置演示数据（首次在线更新后自动替换）,演示快照
20241004,1847,3283,70,5200,1.2251125181060494,93.96,1.303866026081364,内置演示数据（首次在线更新后自动替换）,演示快照
20241007,1752,3358,90,5200,1.134597745442212,93.98,1.207275745309866,内置演示数据（首次在线更新后自动替换）,演示快照
20241008,2070,3072,58,5200,1.063628705696947,94.0,1.131519899677603,内置演示数据（首次在线更新后自动替换）,演示快照
20241009,1932,3199,69,5200,1.3164901467627694,94.02,1.4002235128300038,内置演示数据（首次在线更新后自动替换）,演示快照
20241010,2013,3042,145,5200,1.127621387031135,94.04,1.1990869704712195,内置演示数据（首次在线更新后自动替换）,演示快照
20241011,1909,3236,55,5200,1.2603392606584207,94.06,1.339931172292601,内置演示数据（首次在线更新后自动替换）,演示快照
20241014,2496,2575,129,5200,1.2825034604748602,94.08,1.3632052088380742,内置演示数据（首次在线更新后自动替换）,演示快照
20241015,1880,3221,99,5200,1.2673228138591506,94.1,1.3467830115400112,内置演示数据（首次在线更新后自动替换）,演示快照
20241016,2121,3031,48,5200,1.2126995796589815,94.12,1.2884610918603712,内置演示数据（首次在线更新后自动替换）,演示快照
20241017,2281,2835,84,5200,1.2772493032320016,94.14,1.3567551553346098,内置演示数据（首次在线更新后自动替换）,演示快照
20241018,2252,2852,96,5200,1.2266480540806217,94.16,1.3027273301620876,内置演示数据（首次在线更新后自动替换）,演示快照
20241021,2189,2941,70,5200,1.38048232454102,94.18,1.465791383033574,内置演示数据（首次在线更新后自动替换）,演示快照
20241022,2010,3121,69,5200,1.3742170535592517,94.2,1.4588291439057872,内置演示数据（首次在线更新后自动替换）,演示快照
20241023,2309,2773,118,5200,1.3391613361741637,94.22,1.4213132415348797,内置演示数据（首次在线更新后自动替换）,演示快照
20241024,2302,2855,43,5200,1.3074069312494083,94.24,1.3873163531933452,内置演示数据（首次在线更新后自动替换）,演示快照
20241025,2936,2122,142,5200,1.5330699520454993,94.26,1.6264268534325264,内置演示数据（首次在线更新后自动替换）,演示快照
20241028,3117,2008,75,5200,1.271523926945547,94.28,1.3486677205616746,内置演示数据（首次在线更新后自动替换）,演示快照
20241029,2661,2458,81,5200,1.2629071302403743,94.3,1.3392440405518287,内置演示数据（首次在线更新后自动替换）,演示快照
20241030,2416,2730,54,5200,1.3902734534743348,94.32,1.4739964519447997,内置演示数据（首次在线更新后自动替换）,演示快照
20241031,2939,2125,136,5200,1.3861070139682359,94.34,1.4692675577360992,内置演示数据（首次在线更新后自动替换）,演示快照
20241101,2613,2523,64,5200,1.5040223611553933,94.36,1.5939194162308112,内置演示数据（首次在线更新后自动替换）,演示快照
20241104,2758,2314,128,5200,1.4769076267100159,94.38,1.5648523275164399,内置演示数据（首次在线更新后自动替换）,演示快照
20241105,2791,2334,75,5200,1.4361104817679662,94.4,1.5213034764491167,内置演示数据（首次在线更新后自动替换）,演示快照
20241106,2868,2289,43,5200,1.4818236838474097,94.42,1.5693959795037171,内置演示数据（首次在线更新后自动替换）,演示快照
20241107,2947,2169,84,5200,1.4879273077657862,94.44,1.5755265859442886,内置演示数据（首次在线更新后自动替换）,演示快照
20241108,2782,2321,97,5200,1.6246967361570082,94.46,1.7199838409453823,内置演示数据（首次在线更新后自动替换）,演示快照
20241111,2961,2148,91,5200,1.4832323427079268,94.48,1.5698902865240547,内置演示数据（首次在线更新后自动替换）,演示快照
20241112,3382,1670,148,5200,1.4145138177730099,94.5,1.496840018807418,内置演示数据（首次在线更新后自动替换）,演示快照
20241113,3191,1912,97,5200,1.490395730443736,94.52,1.576804623829598,内置演示数据（首次在线更新后自动替换）,演示快照
20241114,3264,1811,125,5200,1.2700097526799126,94.54,1.343357047471877,内置演示数据（首次在线更新后自动替换）,演示快照
20241115,2782,2338,80,5200,1.481348032702114,94.56,1.566569408525924,内置演示数据（首次在线更新后自动替换）,演示快照
20241118,3515,1630,55,5200,1.5753164806155675,94.58,1.6655915422029686,内置演示数据（首次在线更新后自动替换）,演示快照
20241119,3188,1918,94,5200,1.5394286230028202,94.6,1.6273029841467446,内置演示数据（首次在线更新后自动替换）,演示快照
20241120,3615,1484,101,5200,1.5179686004301542,94.62,1.604278799862771,内置演示数据（首次在线更新后自动替换）,演示快照
20241121,3427,1688,85,5200,1.5483045413071161,94.64,1.6359938094961075,内置演示数据（首次在线更新后自动替换）,演示快照
20241122,3293,1783,124,5200,1.5863557583182217,94.66,1.6758459310355185,内置演示数据（首次在线更新后自动替换）,演示快照
20241125,3069,1985,146,5200,1.6132903452711576,94.68,1.703939950645498,内置演示数据（首次在线更新后自动替换）,演示快照
20241126,3934,1218,48,5200,1.5356898877302674,94.7,1.621636629071032,内置演示数据（首次在线更新后自动替换）,演示快照
20241127,3647,1506,47,5200,1.474670858264799,94.72,1.5568737946207758,内置演示数据（首次在线更新后自动替换）,演示快照
20241128,3672,1458,70,5200,1.314388911675104,94.74,1.3873642724035298,内置演示数据（首次在线更新后自动替换）,演示快照
20241129,3891,1205,104,5200,1.576680526946411,94.76,1.6638671664694078,内置演示数据（首次在线更新后自动替换）,演示快照
20241202,3546,1610,44,5200,1.538045079624591,94.78,1.6227527744509296,内置演示数据（首次在线更新后自动替换）,演示快照
20241203,3797,1342,61,5200,1.506891882312955,94.8,1.5895483990642987,内置演示数据（首次在线更新后自动替换）,演示快照
20241204,3394,1722,84,5200,1.436935655892247,94.82,1.5154351992113977,内置演示数据（首次在线更新后自动替换）,演示快照
20241205,3657,1462,81,5200,1.5659459943894454,94.84,1.651145080545598,内置演示数据（首次在线更新后自动替换）,演示快照
20241206,3350,1717,133,5200,1.4643659913562925,94.86,1.5437128308626318,内置演示数据（首次在线更新后自动替换）,演示快照
20241209,3368,1732,100,5200,1.4778634300561184,94.88,1.5576132272935481,内置演示数据（首次在线更新后自动替换）,演示快照
20241210,3487,1578,135,5200,1.4712764356580412,94.9,1.5503439785648485,内置演示数据（首次在线更新后自动替换）,演示快照
20241211,3171,1906,123,5200,1.5063534157931264,94.92,1.5869715716320336,内置演示数据（首次在线更新后自动替换）,演示快照
20241212,3504,1611,85,5200,1.3725618933085153,94.94,1.4457150761623292,内置演示数据（首次在线更新后自动替换）,演示快照
20241213,3341,1712,147,5200,1.503027768493522,94.96,1.582800935650297,内置演示数据（首次在线更新后自动替换）,演示快照
20241216,2948,2120,132,5200,1.3934148483335045,94.98,1.4670613269462038,内置演示数据（首次在线更新后自动替换）,演示快照
20241217,3257,1849,94,5200,1.3887827574954148,95.0,1.4618765868372787,内置演示数据（首次在线更新后自动替换）,演示快照
20241218,3252,1815,133,5200,1.5065344994910146,95.02,1.5854920011481948,内置演示数据（首次在线更新后自动替换）,演示快照
20241219,3483,1649,68,5200,1.3476971771564945,95.04,1.4180315416208906,内置演示数据（首次在线更新后自动替换）,演示快照
20241220,3324,1814,62,5200,1.489084271270784,95.06,1.5664677795821418,内置演示数据（首次在线更新后自动替换）,演示快照
20241223,3542,1531,127,5200,1.4171627866023966,95.08,1.490495147877994,内置演示数据（首次在线更新后自动替换）,演示快照
20241224,3299,1775,126,5200,1.2673814164021393,95.1,1.3326828773944683,内置演示数据（首次在线更新后自动替换）,演示快照
20241225,3022,2114,64,5200,1.498148169250987,95.12,1.5750085883631064,内置演示数据（首次在线更新后自动替换）,演示快照
20241226,3088,1990,122,5200,1.4031247729024785,95.14,1.4748000556048755,内置演示数据（首次在线更新后自动替换）,演示快照
20241227,2979,2126,95,5200,1.3987286182082461,95.16,1.4698703427997541,内置演示数据（首次在线更新后自动替换）,演示快照
20241230,3117,1982,101,5200,1.4362640473880166,95.18,1.5089977383778277,内置演示数据（首次在线更新后自动替换）,演示快照
20241231,2975,2092,133,5200,1.4637132671214346,95.2,1.537513936051927,内置演示数据（首次在线更新后自动替换）,演示快照
20250101,2774,2369,57,5200,1.347566766738382,95.22,1.4152139957344905,内置演示数据（首次在线更新后自动替换）,演示快照
20250102,2864,2252,84,5200,1.3682083261884959,95.24,1.4365900106977068,内置演示数据（首次在线更新后自动替换）,演示快照
20250103,2913,2216,71,5200,1.3355067226074586,95.26,1.401959608027985,内置演示数据（首次在线更新后自动替换）,演示快照
20250106,2538,2561,101,5200,1.2650291799097464,95.28,1.3276964524661488,内置演示数据（首次在线更新后自动替换）,演示快照
20250107,2777,2366,57,5200,1.152105516593253,95.3,1.2089249911786495,内置演示数据（首次在线更新后自动替换）,演示快照
20250108,2307,2840,53,5200,1.2819862825890975,95.32,1.3449289578148318,内置演示数据（首次在线更新后自动替换）,演示快照
20250109,2845,2239,116,5200,1.3608254546805068,95.34,1.4273394741771626,内置演示数据（首次在线更新后自动替换）,演示快照
20250110,2664,2490,46,5200,1.2826166565172055,95.36,1.3450258562470694,内置演示数据（首次在线更新后自动替换）,演示快照
20250113,2854,2261,85,5200,1.1357336129756461,95.38,1.1907460819623046,内置演示数据（首次在线更新后自动替换）,演示快照
20250114,2198,2854,148,5200,1.2938609630724707,95.4,1.356248388964854,内置演示数据（首次在线更新后自动替换）,演示快照
20250115,2641,2410,149,5200,1.1660044953241904,95.42,1.221970755946542,内置演示数据（首次在线更新后自动替换）,演示快照
20250116,2546,2595,59,5200,1.0078909162793928,95.44,1.0560466432097577,内置演示数据（首次在线更新后自动替换）,演示快照
20250117,2250,2809,141,5200,1.2409814863892779,95.46,1.3000015570807437,内置演示数据（首次在线更新后自动替换）,演示快照
20250120,2158,2966,76,5200,1.068037665888855,95.48,1.1185983094772256,内置演示数据（首次在线更新后自动替换）,演示快照
20250121,1954,3185,61,5200,1.2700857038476916,95.5,1.3299326741860644,内置演示数据（首次在线更新后自动替换）,演示快照
20250122,1851,3254,95,5200,1.2032668290979174,95.52,1.2597014542482385,内置演示数据（首次在线更新后自动替换）,演示快照
20250123,1936,3171,93,5200,1.0769147219439863,95.54,1.1271872743813967,内置演示数据（首次在线更新后自动替换）,演示快照
20250124,1782,3337,81,5200,1.1154754584453905,95.56,1.1673037447105385,内置演示数据（首次在线更新后自动替换）,演示快照
20250127,2368,2746,86,5200,1.256140697005939,95.58,1.3142296474219912,内置演示数据（首次在线更新后自动替换）,演示快照
20250128,1647,3503,50,5200,1.1256591808043335,95.6,1.1774677623476293,内置演示数据（首次在线更新后自动替换）,演示快照
20250129,1973,3158,69,5200,1.04809529868367,95.62,1.0961046838356725,内置演示数据（首次在线更新后自动替换）,演示快照
20250130,2002,3137,61,5200,1.2435200322631805,95.64,1.3002091512580307,内置演示数据（首次在线更新后自动替换）,演示快照
20250131,1952,3106,142,5200,1.0051288467781312,95.66,1.0507305527682742,内置演示数据（首次在线更新后自动替换）,演示快照
20250203,1941,3165,94,5200,1.0256069570735584,95.68,1.0719136257039699,内置演示数据（首次在线更新后自动替换）,演示快照
20250204,2024,3076,100,5200,0.8875273846443545,95.7,0.9274058355740381,内置演示数据（首次在线更新后自动替换）,演示快照
20250205,1693,3419,88,5200,0.8118513454841714,95.72,0.8481522623110858,内置演示数据（首次在线更新后自动替换）,演示快照
20250206,1789,3274,137,5200,0.906269270927014,95.74,0.9465941831282788,内置演示数据（首次在线更新后自动替换）,演示快照
20250207,1686,3387,127,5200,0.9159092561379917,95.76,0.9564633000605594,内置演示数据（首次在线更新后自动替换）,演示快照
20250210,2021,3064,115,5200,0.9228176904916223,95.78,0.9634763943324518,内置演示数据（首次在线更新后自动替换）,演示快照
20250211,2183,2943,74,5200,0.7666499296929022,95.8,0.8002608869445744,内置演示数据（首次在线更新后自动替换）,演示快照
20250212,1448,3679,73,5200,0.9169736325639646,95.82,0.9569751957461539,内置演示数据（首次在线更新后自动替换）,演示快照
20250213,1257,3800,143,5200,0.7817278823775669,95.84,0.8156593096593978,内置演示数据（首次在线更新后自动替换）,演示快照
20250214,1826,3232,142,5200,0.8810652074667481,95.86,0.9191166362056625,内置演示数据（首次在线更新后自动替换）,演示快照
20250217,1935,3194,71,5200,0.8915545540015279,95.88,0.9298649916578305,内置演示数据（首次在线更新后自动替换）,演示快照
20250218,2133,2990,77,5200,0.7697172654938086,95.9,0.8026248858121048,内置演示数据（首次在线更新后自动替换）,演示快照
20250219,1870,3254,76,5200,0.7090707283463771,95.92,0.7392313681676157,内置演示数据（首次在线更新后自动替换）,演示快照
20250220,2023,3051,126,5200,0.8947239985030295,95.94,0.9325870320023238,内置演示数据（首次在线更新后自动替换）,演示快照
20250221,2093,2963,144,5200,0.826374993913557,95.96,0.8611661045368455,内置演示数据（首次在线更新后自动替换）,演示快照
20250224,2065,2998,137,5200,0.7542805901480962,95.98,0.785872671544172,内置演示数据（首次在线更新后自动替换）,演示快照
20250225,1954,3114,132,5200,0.8454636656497033,96.0,0.8806913183851076,内置演示数据（首次在线更新后自动替换）,演示快照
20250226,1498,3624,78,5200,0.7208195495552732,96.02,0.7506973021821216,内置演示数据（首次在线更新后自动替换）,演示快照
20250227,1802,3324,74,5200,0.6510047740397411,96.04,0.6778475364845284,内置演示数据（首次在线更新后自动替换）,演示快照
20250228,1896,3167,137,5200,0.6073285104037381,96.06,0.6322387158065148,内置演示数据（首次在线更新后自动替换）,演示快照
20250303,1837,3280,83,5200,0.6660072987424714,96.08,0.6931799528959944,内置演示数据（首次在线更新后自动替换）,演示快照
20250304,1881,3256,63,5200,0.7238969092096129,96.1,0.7532746193648417,内置演示数据（首次在线更新后自动替换）,演示快照
20250305,2268,2800,132,5200,0.7612433934118542,96.12,0.7919719032582753,内置演示数据（首次在线更新后自动替换）,演示快照
20250306,1793,3315,92,5200,0.6402356419885644,96.14,0.6659409631668031,内置演示数据（首次在线更新后自动替换）,演示快照
20250307,2174,2977,49,5200,0.724098778210871,96.16,0.7530145364089756,内置演示数据（首次在线更新后自动替换）,演示快照
20250310,2108,2954,138,5200,0.5990155405980462,96.18,0.6228067587835788,内置演示数据（首次在线更新后自动替换）,演示快照
20250311,1892,3236,72,5200,0.5431640173959196,96.2,0.5646195607026191,内置演示数据（首次在线更新后自动替换）,演示快照
20250312,1888,3239,73,5200,0.4911596435461478,96.22,0.5104548363605776,内置演示数据（首次在线更新后自动替换）,演示快照
20250313,1796,3306,98,5200,0.5455875684698238,96.24,0.566903126007714,内置演示数据（首次在线更新后自动替换）,演示快照
20250314,2325,2806,69,5200,0.4754760954800425,96.26,0.4939498186994001,内置演示数据（首次在线更新后自动替换）,演示快照
20250317,2253,2816,131,5200,0.7290815356591938,96.28,0.7572512834017384,内置演示数据（首次在线更新后自动替换）,演示快照
20250318,2135,2949,116,5200,0.5952958341189127,96.3,0.6181680520445616,内置演示数据（首次在线更新后自动替换）,演示快照
20250319,1954,3144,102,5200,0.5448231215476946,96.32,0.5656386228692843,内置演示数据（首次在线更新后自动替换）,演示快照
20250320,2514,2624,62,5200,0.6830498468843875,96.34,0.7089992182731861,内置演示数据（首次在线更新后自动替换）,演示快照
20250321,2432,2675,93,5200,0.43443089967587634,96.36,0.45084153141954786,内置演示数据（首次在线更新后自动替换）,演示快照
20250324,2366,2765,69,5200,0.5214760511646858,96.38,0.5410625141779267,内置演示数据（首次在线更新后自动替换）,演示快照
20250325,2364,2691,145,5200,0.6867760249490948,96.4,0.7124232623953265,内置演示数据（首次在线更新后自动替换）,演示快照
20250326,2577,2496,127,5200,0.5101592513269327,96.42,0.5291010696193038,内置演示数据（首次在线更新后自动替换）,演示快照
20250327,2785,2363,52,5200,0.7128393791113585,96.44,0.7391532342506829,内置演示数据（首次在线更新后自动替换）,演示快照
20250328,2662,2440,98,5200,0.5758909612032141,96.46,0.5970256699183228,内置演示数据（首次在线更新后自动替换）,演示快照
20250331,2525,2550,125,5200,0.6140059576573329,96.48,0.6364075017177995,内置演示数据（首次在线更新后自动替换）,演示快照
20250401,2825,2278,97,5200,0.6133576958764525,96.5,0.635603829923785,内置演示数据（首次在线更新后自动替换）,演示快照
20250402,3119,2028,53,5200,0.5042767409680687,96.52,0.5224582894406017,内置演示数据（首次在线更新后自动替换）,演示快照
20250403,2947,2198,55,5200,0.46322494017916516,96.54,0.4798269527441114,内置演示数据（首次在线更新后自动替换）,演示快照
20250404,3002,2078,120,5200,0.4917329458920175,96.56,0.509251186715014,内置演示数据（首次在线更新后自动替换）,演示快照
20250407,2962,2141,97,5200,0.4212542978236419,96.58,0.4361713582767052,内置演示数据（首次在线更新后自动替换）,演示快照
20250408,2884,2217,99,5200,0.4947278660662647,96.6,0.5121406481017233,内置演示数据（首次在线更新后自动替换）,演示快照
20250409,2920,2211,69,5200,0.5000039100977978,96.62,0.5174952495319786,内置演示数据（首次在线更新后自动替换）,演示快照
20250410,2800,2331,69,5200,0.6364017991360987,96.64,0.6585283517550691,内置演示数据（首次在线更新后自动替换）,演示快照
20250411,3465,1651,84,5200,0.5501857627562036,96.66,0.5691969405712846,内置演示数据（首次在线更新后自动替换）,演示快照
20250414,3345,1756,99,5200,0.6937462949658494,96.68,0.7175696058811019,内置演示数据（首次在线更新后自动替换）,演示快照
20250415,3298,1811,91,5200,0.35,96.7,0.3619441571871768,内置演示数据（首次在线更新后自动替换）,演示快照
20250416,3378,1686,136,5200,0.41304763942194583,96.72,0.427055044894485,内置演示数据（首次在线更新后自动替换）,演示快照
20250417,3419,1721,60,5200,0.4856382657146509,96.74,0.5020035825042908,内置演示数据（首次在线更新后自动替换）,演示快照
20250418,3211,1898,91,5200,0.637660082347933,96.76,0.6590120735303152,内置演示数据（首次在线更新后自动替换）,演示快照
20250421,3327,1808,65,5200,0.5142241990262877,96.78,0.5313331256729569,内置演示数据（首次在线更新后自动替换）,演示快照
20250422,3317,1843,40,5200,0.4108240396401575,96.8,0.42440499962826184,内置演示数据（首次在线更新后自动替换）,演示快照
20250423,3994,1121,85,5200,0.5144241609709619,96.82,0.5313201414696983,内置演示数据（首次在线更新后自动替换）,演示快照
20250424,3683,1471,46,5200,0.444527876547269,96.84,0.4590333297679357,内置演示数据（首次在线更新后自动替换）,演示快照
20250425,3510,1610,80,5200,0.4356579878014642,96.86,0.44978111480638466,内置演示数据（首次在线更新后自动替换）,演示快照
20250428,3785,1306,109,5200,0.7143697089977283,96.88,0.7373758350513299,内置演示数据（首次在线更新后自动替换）,演示快照
20250429,3765,1354,81,5200,0.5341452033213336,96.9,0.5512334399600965,内置演示数据（首次在线更新后自动替换）,演示快照
20250430,3194,1892,114,5200,0.5844228880377473,96.92,0.6029951382973042,内置演示数据（首次在线更新后自动替换）,演示快照
20250501,3450,1678,72,5200,0.5719079971317298,96.94,0.5899607975363419,内置演示数据（首次在线更新后自动替换）,演示快照
20250502,3495,1621,84,5200,0.5684660525469697,96.96,0.5862892456136238,内置演示数据（首次在线更新后自动替换）,演示快照
20250505,3629,1435,136,5200,0.5310311022153024,96.98,0.5475676450972389,内置演示数据（首次在线更新后自动替换）,演示快照
20250506,3438,1696,66,5200,0.5835778085479733,97.0,0.6016266067504878,内置演示数据（首次在线更新后自动替换）,演示快照
20250507,3455,1650,95,5200,0.6459870463224151,97.02,0.6658287428596321,内置演示数据（首次在线更新后自动替换）,演示快照
20250508,3362,1720,118,5200,0.7435019491824317,97.04,0.7661809039390269,内置演示数据（首次在线更新后自动替换）,演示快照
20250509,3677,1444,79,5200,0.7172199520060542,97.06,0.7389449330373523,内置演示数据（首次在线更新后自动替换）,演示快照
20250512,3110,2017,73,5200,0.5557121058150322,97.08,0.5724269734394646,内置演示数据（首次在线更新后自动替换）,演示快照
20250513,3311,1773,116,5200,0.7445176636400054,97.1,0.7667535155921786,内置演示数据（首次在线更新后自动替换）,演示快照
20250514,2975,2177,48,5200,0.7160394280648292,97.12,0.7372728872166693,内置演示数据（首次在线更新后自动替换）,演示快照
20250515,3126,2005,69,5200,0.6409537638324037,97.14,0.659824751731937,内置演示数据（首次在线更新后自动替换）,演示快照
20250516,3392,1723,85,5200,0.7187696460260521,97.16,0.7397793804302719,内置演示数据（首次在线更新后自动替换）,演示快照
20250519,3363,1774,63,5200,0.7635839216216153,97.18,0.7857418415534216,内置演示数据（首次在线更新后自动替换）,演示快照
20250520,3185,1916,99,5200,0.7354777768256127,97.2,0.7566643794502188,内置演示数据（首次在线更新后自动替换）,演示快照
20250521,3464,1628,108,5200,0.7843436702675699,97.22,0.8067719299193272,内置演示数据（首次在线更新后自动替换）,演示快照
20250522,3475,1579,146,5200,0.6913810650183774,97.24,0.7110047974273729,内置演示数据（首次在线更新后自动替换）,演示快照
20250523,3120,1974,106,5200,0.9346028312724203,97.26,0.9609323784417234,内置演示数据（首次在线更新后自动替换）,演示快照
20250526,3147,1948,105,5200,0.6358423917926658,97.28,0.6536208797210791,内置演示数据（首次在线更新后自动替换）,演示快照
20250527,2948,2133,119,5200,0.851655276359077,97.3,0.8752880538120011,内置演示数据（首次在线更新后自动替换）,演示快照
20250528,3138,2000,62,5200,0.8502264359224114,97.32,0.8736399875898186,内置演示数据（首次在线更新后自动替换）,演示快照
20250529,2690,2419,91,5200,0.8879780085876424,97.34,0.9122436907619093,内置演示数据（首次在线更新后自动替换）,演示快照
20250530,3298,1771,131,5200,0.7957116897967857,97.36,0.8172880955184734,内置演示数据（首次在线更新后自动替换）,演示快照
20250602,3104,2037,59,5200,0.9619198665837441,97.38,0.9878002326799591,内置演示数据（首次在线更新后自动替换）,演示快照
20250603,2538,2590,72,5200,0.875894662515151,97.4,0.899275834204467,内置演示数据（首次在线更新后自动替换）,演示快照
20250604,2576,2560,64,5200,0.8059132193138804,97.42,0.8272564353458021,内置演示数据（首次在线更新后自动替换）,演示快照
20250605,2790,2265,145,5200,0.8296130812137689,97.44,0.8514091555970535,内置演示数据（首次在线更新后自动替换）,演示快照
20250606,2570,2552,78,5200,0.9436538094204981,97.46,0.9682472906017835,内置演示数据（首次在线更新后自动替换）,演示快照
20250609,2711,2414,75,5200,0.8225088586245874,97.48,0.8437719107761463,内置演示数据（首次在线更新后自动替换）,演示快照
20250610,2460,2611,129,5200,1.1108795299997933,97.5,1.1393636205126085,内置演示数据（首次在线更新后自动替换）,演示快照
20250611,2821,2239,140,5200,1.067398066677738,97.52,1.0945427262897232,内置演示数据（首次在线更新后自动替换）,演示快照
20250612,2435,2725,40,5200,1.1462955718196643,97.54,1.175205630325676,内置演示数据（首次在线更新后自动替换）,演示快照
20250613,2914,2150,136,5200,1.1545254027392804,97.56,1.1834003718114805,内置演示数据（首次在线更新后自动替换）,演示快照
20250616,2464,2619,117,5200,1.005303826144263,97.58,1.0302355258703249,内置演示数据（首次在线更新后自动替换）,演示快照
20250617,1984,3081,135,5200,0.9805176357612723,97.6,1.004628725165238,内置演示数据（首次在线更新后自动替换）,演示快照
20250618,2691,2460,49,5200,0.8523942061368363,97.62,0.873175789937345,内置演示数据（首次在线更新后自动替换）,演示快照
20250619,2426,2730,44,5200,1.050595307707676,97.64,1.07598863960229,内置演示数据（首次在线更新后自动替换）,演示快照
20250620,2222,2902,76,5200,1.2407319649950306,97.66,1.2704607464622473,内置演示数据（首次在线更新后自动替换）,演示快照
20250623,2236,2831,133,5200,1.0495268599509933,97.68,1.0744541973290267,内置演示数据（首次在线更新后自动替换）,演示快照
20250624,1789,3317,94,5200,1.115107804323284,97.7,1.1413590627669232,内置演示数据（首次在线更新后自动替换）,演示快照
20250625,1613,3468,119,5200,1.1035358917126303,97.72,1.1292835568078494,内置演示数据（首次在线更新后自动替换）,演示快照
20250626,1961,3173,66,5200,1.1937368318574637,97.74,1.221339095413816,内置演示数据（首次在线更新后自动替换）,演示快照
20250627,2237,2887,76,5200,1.2822777888363805,97.76,1.3116589493007167,内置演示数据（首次在线更新后自动替换）,演示快照
20250630,1987,3077,136,5200,1.0717086543346466,97.78,1.0960407591886343,内置演示数据（首次在线更新后自动替换）,演示快照
20250701,2243,2864,93,5200,1.1022614398828732,97.8,1.1270566869968028,内置演示数据（首次在线更新后自动替换）,演示快照
20250702,2129,2946,125,5200,1.3440177317139415,97.82,1.3739702839030274,内置演示数据（首次在线更新后自动替换）,演示快照
20250703,1816,3274,110,5200,1.2984880139225319,97.84,1.3271545522511567,内置演示数据（首次在线更新后自动替换）,演示快照
20250704,2047,3094,59,5200,1.23358028727831,97.86,1.2605561897387185,内置演示数据（首次在线更新后自动替换）,演示快照
20250707,2101,2956,143,5200,1.4051028578224145,97.88,1.4355362258095776,内置演示数据（首次在线更新后自动替换）,演示快照
20250708,1729,3327,144,5200,1.1732410846688655,97.9,1.1984076452184529,内置演示数据（首次在线更新后自动替换）,演示快照
20250709,1685,3390,125,5200,1.3705338366488942,97.92,1.399646483505815,内置演示数据（首次在线更新后自动替换）,演示快照
20250710,1750,3359,91,5200,1.3038421711429806,97.94,1.3312662560169295,内置演示数据（首次在线更新后自动替换）,演示快照
20250711,1179,3934,87,5200,1.3707455530294987,97.96,1.3992910912918526,内置演示数据（首次在线更新后自动替换）,演示快照
20250714,1765,3363,72,5200,1.1438127121282793,97.98,1.1673940723905687,内置演示数据（首次在线更新后自动替换）,演示快照
20250715,1858,3232,110,5200,1.3261194984969802,98.0,1.3531831617316126,内置演示数据（首次在线更新后自动替换）,演示快照
20250716,1732,3394,74,5200,1.4177248978271175,98.02,1.44636288290871,内置演示数据（首次在线更新后自动替换）,演示快照
20250717,1779,3361,60,5200,1.3651215275046382,98.04,1.3924128187521807,内置演示数据（首次在线更新后自动替换）,演示快照
20250718,1699,3455,46,5200,1.4816072693772155,98.06,1.5109190999155777,内置演示数据（首次在线更新后自动替换）,演示快照
20250721,1279,3835,86,5200,1.489499852752337,98.08,1.518658088042758,内置演示数据（首次在线更新后自动替换）,演示快照
20250722,2096,2975,129,5200,1.325207123258163,98.1,1.3508737240144375,内置演示数据（首次在线更新后自动替换）,演示快照
20250723,1664,3409,127,5200,1.4775018809190055,98.12,1.5058111301661288,内置演示数据（首次在线更新后自动替换）,演示快照
20250724,1628,3439,133,5200,1.3414024402586235,98.14,1.366825392560244,内置演示数据（首次在线更新后自动替换）,演示快照
20250725,2083,3011,106,5200,1.4339021427206284,98.16,1.4607805039941202,内置演示数据（首次在线更新后自动替换）,演示快照
20250728,2024,3041,135,5200,1.4903593540387876,98.18,1.5179867122008428,内置演示数据（首次在线更新后自动替换）,演示快照
20250729,1895,3179,126,5200,1.3788481700901936,98.2,1.4041223728006045,内置演示数据（首次在线更新后自动替换）,演示快照
20250730,2033,3039,128,5200,1.5159314659993814,98.22,1.543404058235982,内置演示数据（首次在线更新后自动替换）,演示快照
20250731,1642,3462,96,5200,1.4193522164359824,98.24,1.4447803506066597,内置演示数据（首次在线更新后自动替换）,演示快照
20250801,1912,3239,49,5200,1.4196173587919174,98.26,1.4447561151963335,内置演示数据（首次在线更新后自动替换）,演示快照
20250804,2252,2867,81,5200,1.5283799134052296,98.28,1.555128117017938,内置演示数据（首次在线更新后自动替换）,演示快照
20250805,1856,3211,133,5200,1.4102204461348307,98.3,1.434608795661069,内置演示数据（首次在线更新后自动替换）,演示快照
20250806,1827,3252,121,5200,1.4108718308684651,98.32,1.4349794862372511,内置演示数据（首次在线更新后自动替换）,演示快照
20250807,2106,3053,41,5200,1.5692962338998946,98.34,1.5957862862516725,内置演示数据（首次在线更新后自动替换）,演示快照
20250808,2156,2994,50,5200,1.4983334509625503,98.36,1.5233158305841301,内置演示数据（首次在线更新后自动替换）,演示快照
20250811,2322,2766,112,5200,1.3764204433591056,98.38,1.3990856305744113,内置演示数据（首次在线更新后自动替换）,演示快照
20250812,1924,3129,147,5200,1.563754988118492,98.4,1.5891818984944024,内置演示数据（首次在线更新后自动替换）,演示快照
20250813,1715,3365,120,5200,1.4647789676674763,98.42,1.4882940130740463,内置演示数据（首次在线更新后自动替换）,演示快照
20250814,2528,2528,144,5200,1.3865168752359938,98.44,1.4084893084477792,内置演示数据（首次在线更新后自动替换）,演示快照
20250815,2138,3015,47,5200,1.2990694934810276,98.46000000000001,1.3193880697552585,内置演示数据（首次在线更新后自动替换）,演示快照
20250818,2294,2770,136,5200,1.5722694696298618,98.48,1.596536829437309,内置演示数据（首次在线更新后自动替换）,演示快照
20250819,2000,3146,54,5200,1.4309890120365136,98.5,1.4527807228797092,内置演示数据（首次在线更新后自动替换）,演示快照
20250820,2758,2305,137,5200,1.3995057446543007,98.52,1.4205295824749296,内置演示数据（首次在线更新后自动替换）,演示快照
20250821,2663,2390,147,5200,1.5488420139072108,98.54,1.5717901500986509,内置演示数据（首次在线更新后自动替换）,演示快照
20250822,2707,2397,96,5200,1.5602766388471956,98.56,1.5830728884407421,内置演示数据（首次在线更新后自动替换）,演示快照
20250825,2758,2344,98,5200,1.4304177422497362,98.58,1.4510222583178496,内置演示数据（首次在线更新后自动替换）,演示快照
20250826,2291,2815,94,5200,1.5634217500117797,98.6,1.5856204361174238,内置演示数据（首次在线更新后自动替换）,演示快照
20250827,2579,2521,100,5200,1.6512815959377403,98.62,1.674388152441432,内置演示数据（首次在线更新后自动替换）,演示快照
20250828,2748,2322,130,5200,1.5905619499523265,98.64,1.6124918389622125,内置演示数据（首次在线更新后自动替换）,演示快照
20250829,2733,2397,70,5200,1.5735157550457308,98.66,1.5948872441168973,内置演示数据（首次在线更新后自动替换）,演示快照
20250901,2887,2242,71,5200,1.498232497568796,98.68,1.5182737105480297,内置演示数据（首次在线更新后自动替换）,演示快照
20250902,3050,2004,146,5200,1.4319500713200277,98.7,1.4508106092401496,内置演示数据（首次在线更新后自动替换）,演示快照
20250903,3264,1803,133,5200,1.4568026654423192,98.72,1.4756915168581028,内置演示数据（首次在线更新后自动替换）,演示快照
20250904,2762,2339,99,5200,1.489846421166863,98.74,1.5088580323747853,内置演示数据（首次在线更新后自动替换）,演示快照
20250905,3129,2009,62,5200,1.34679462937786,98.76,1.363704565996213,内置演示数据（首次在线更新后自动替换）,演示快照
20250908,3329,1726,145,5200,1.3781564664780483,98.78,1.3951776336080668,内置演示数据（首次在线更新后自动替换）,演示快照
20250909,3009,2055,136,5200,1.317309922545403,98.8,1.3333096382038492,内置演示数据（首次在线更新后自动替换）,演示快照
20250910,3208,1916,76,5200,1.4416883453547802,98.82,1.4589034055401542,内置演示数据（首次在线更新后自动替换）,演示快照
20250911,3388,1713,99,5200,1.4203913951038167,98.84,1.4370613062563908,内置演示数据（首次在线更新后自动替换）,演示快照
20250912,3321,1793,86,5200,1.3519443774011506,98.86,1.3675342680570004,内置演示数据（首次在线更新后自动替换）,演示快照
20250915,3498,1570,132,5200,1.4597659701180374,98.88,1.4763005361226107,内置演示数据（首次在线更新后自动替换）,演示快照
20250916,3398,1687,115,5200,1.3000850901936476,98.9,1.3145450861412007,内置演示数据（首次在线更新后自动替换）,演示快照
20250917,3334,1772,94,5200,1.3175671842591574,98.92,1.3319522687617846,内置演示数据（首次在线更新后自动替换）,演示快照
20250918,3167,1887,146,5200,1.4238827935489884,98.94,1.4391376526672615,内置演示数据（首次在线更新后自动替换）,演示快照
20250919,3499,1595,106,5200,1.424031084882879,98.96000000000001,1.4389966500433293,内置演示数据（首次在线更新后自动替换）,演示快照
20250922,3483,1624,93,5200,1.2739643257043787,98.98,1.2870926709480488,内置演示数据（首次在线更新后自动替换）,演示快照
20250923,3257,1802,141,5200,1.3437073284580177,99.0,1.3572801297555734,内置演示数据（首次在线更新后自动替换）,演示快照
20250924,3614,1497,89,5200,1.2499996014011803,99.02,1.2623708355899619,内置演示数据（首次在线更新后自动替换）,演示快照
20250925,3772,1342,86,5200,1.2833303060459509,99.04,1.2957696951190942,内置演示数据（首次在线更新后自动替换）,演示快照
20250926,3353,1765,82,5200,1.2971054263621193,99.06,1.3094139171836456,内置演示数据（首次在线更新后自动替换）,演示快照
20250929,3339,1797,64,5200,1.3165913946203394,99.08,1.328816506479955,内置演示数据（首次在线更新后自动替换）,演示快照
20250930,3330,1800,70,5200,1.283028553750151,99.1,1.2946806798689716,内置演示数据（首次在线更新后自动替换）,演示快照
20251001,3124,2026,50,5200,1.2650523316701192,99.12,1.276283627592937,内置演示数据（首次在线更新后自动替换）,演示快照
20251002,3926,1154,120,5200,1.1422247927403115,99.14,1.1521331377247443,内置演示数据（首次在线更新后自动替换）,演示快照
20251003,3375,1721,104,5200,1.244618235576939,99.16,1.2551615929577846,内置演示数据（首次在线更新后自动替换）,演示快照
20251006,3271,1787,142,5200,1.2424555146610101,99.18,1.2527278833041036,内置演示数据（首次在线更新后自动替换）,演示快照
20251007,3195,1898,107,5200,1.2380788400834362,99.2,1.2480633468583027,内置演示数据（首次在线更新后自动替换）,演示快照
20251008,3338,1814,48,5200,1.1097929798330812,99.22,1.118517415675349,内置演示数据（首次在线更新后自动替换）,演示快照
20251009,3248,1844,108,5200,1.2248060276995398,99.24,1.2341858400841796,内置演示数据（首次在线更新后自动替换）,演示快照
20251010,3692,1449,59,5200,1.0302165901176537,99.26,1.0378970281257844,内置演示数据（首次在线更新后自动替换）,演示快照
20251013,3072,2084,44,5200,1.085015479840561,99.28,1.092884246414747,内置演示数据（首次在线更新后自动替换）,演示快照
20251014,2978,2110,112,5200,1.0811922143853652,99.3,1.0888139117677393,内置演示数据（首次在线更新后自动替换）,演示快照
20251015,3404,1753,43,5200,0.9858791312371776,99.32,0.9926290084949434,内置演示数据（首次在线更新后自动替换）,演示快照
20251016,3224,1891,85,5200,1.0471565752379948,99.34,1.0541137258284625,内置演示数据（首次在线更新后自动替换）,演示快照
20251017,3161,1901,138,5200,1.0715952992973061,99.36,1.078497684477965,内置演示数据（首次在线更新后自动替换）,演示快照
20251020,3293,1839,68,5200,0.8912185639969097,99.38,0.8967785912627387,内置演示数据（首次在线更新后自动替换）,演示快照
20251021,3158,1926,116,5200,0.9890673614726654,99.4,0.9950375869946331,内置演示数据（首次在线更新后自动替换）,演示快照
20251022,3074,2045,81,5200,0.8641095173119028,99.42,0.8691505907381842,内置演示数据（首次在线更新后自动替换）,演示快照
20251023,2729,2419,52,5200,1.1506394307755814,99.44,1.1571192988491366,内置演示数据（首次在线更新后自动替换）,演示快照
20251024,2625,2514,61,5200,0.9876644531861997,99.46000000000001,0.9930267978948316,内置演示数据（首次在线更新后自动替换）,演示快照
20251027,2789,2363,48,5200,0.9641129175926398,99.48,0.9691525106480094,内置演示数据（首次在线更新后自动替换）,演示快照
20251028,2655,2489,56,5200,0.9560449215072627,99.5,0.9608491673439826,内置演示数据（首次在线更新后自动替换）,演示快照
20251029,2903,2240,57,5200,0.969342634002818,99.52,0.9740179200189087,内置演示数据（首次在线更新后自动替换）,演示快照
20251030,2396,2667,137,5200,0.9828230972996675,99.54,0.9873649761901422,内置演示数据（首次在线更新后自动替换）,演示快照
20251031,2642,2430,128,5200,0.7631821434936295,99.56,0.7665549854295194,内置演示数据（首次在线更新后自动替换）,演示快照
20251103,2649,2473,78,5200,0.9769005509642691,99.58,0.9810208384859098,内置演示数据（首次在线更新后自动替换）,演示快照
20251104,2626,2455,119,5200,0.9557143651888477,99.6,0.9595525754908109,内置演示数据（首次在线更新后自动替换）,演示快照
20251105,2669,2469,62,5200,0.8348625427739452,99.62,0.8380471218369255,内置演示数据（首次在线更新后自动替换）,演示快照
20251106,2457,2633,110,5200,0.8149714785072606,99.64,0.8179159760209359,内置演示数据（首次在线更新后自动替换）,演示快照
20251107,2329,2809,62,5200,0.5607434276780696,99.66,0.5626564596408484,内置演示数据（首次在线更新后自动替换）,演示快照
20251110,2698,2392,110,5200,0.694151758323233,99.68,0.696380174882858,内置演示数据（首次在线更新后自动替换）,演示快照
20251111,2302,2819,79,5200,0.8201149864527487,99.7,0.8225827346567188,内置演示数据（首次在线更新后自动替换）,演示快照
20251112,2634,2432,134,5200,0.8598384041055582,99.72,0.8622527116983134,内置演示数据（首次在线更新后自动替换）,演示快照
20251113,2200,2869,131,5200,0.8075403553776478,99.74,0.8096454335047601,内置演示数据（首次在线更新后自动替换）,演示快照
20251114,2219,2905,76,5200,0.7288991949092707,99.76,0.7306527615369593,内置演示数据（首次在线更新后自动替换）,演示快照
20251117,2145,3011,44,5200,0.8750436804020859,99.78,0.8769730210483924,内置演示数据（首次在线更新后自动替换）,演示快照
20251118,2181,2944,75,5200,0.7877153733853337,99.8,0.7892939613079497,内置演示数据（首次在线更新后自动替换）,演示快照
20251119,1993,3136,71,5200,0.6624478705294978,99.82,0.6636424268979141,内置演示数据（首次在线更新后自动替换）,演示快照
20251120,2064,3050,86,5200,0.8555155109822994,99.84,0.8568865294293864,内置演示数据（首次在线更新后自动替换）,演示快照
20251121,2339,2758,103,5200,0.5806004257356462,99.86,0.5814144059039117,内置演示数据（首次在线更新后自动替换）,演示快照
20251124,2194,2858,148,5200,0.5382622608698702,99.88,0.5389089516118044,内置演示数据（首次在线更新后自动替换）,演示快照
20251125,2160,2994,46,5200,0.6104188978455246,99.9,0.6110299277732979,内置演示数据（首次在线更新后自动替换）,演示快照
20251126,1598,3501,101,5200,0.5719093645645633,99.92,0.5723672583712603,内置演示数据（首次在线更新后自动替换）,演示快照
20251127,1602,3540,58,5200,0.5923074834202409,99.94,0.5926630812690022,内置演示数据（首次在线更新后自动替换）,演示快照
20251128,1881,3219,100,5200,0.67467121644494,99.96000000000001,0.6749411929221087,内置演示数据（首次在线更新后自动替换）,演示快照
20251201,1976,3114,110,5200,0.5978599209423392,99.98,0.5979795168457083,内置演示数据（首次在线更新后自动替换）,演示快照
20251202,1668,3403,129,5200,0.5901126320114446,100.0,0.5901126320114446,内置演示数据（首次在线更新后自动替换）,演示快照
20251203,1608,3491,101,5200,0.586134296286839,100.02,0.5860170928682654,内置演示数据（首次在线更新后自动替换）,演示快照
20251204,2051,3090,59,5200,0.38756084482555453,100.04,0.38740588247256547,内置演示数据（首次在线更新后自动替换）,演示快照
20251205,1880,3180,140,5200,0.4429187208348486,100.06,0.4426531289574741,内置演示数据（首次在线更新后自动替换）,演示快照
20251208,1950,3166,84,5200,0.525391581974894,100.08,0.5249716046911411,内置演示数据（首次在线更新后自动替换）,演示快照
20251209,1611,3497,92,5200,0.481352147983768,100.1,0.480871276707061,内置演示数据（首次在线更新后自动替换）,演示快照
20251210,1588,3502,110,5200,0.5233147239693734,100.12,0.5226874989706086,内置演示数据（首次在线更新后自动替换）,演示快照
20251211,1908,3223,69,5200,0.6477682640014629,100.14,0.6468626562826671,内置演示数据（首次在线更新后自动替换）,演示快照
20251212,1642,3410,148,5200,0.523578436747512,100.16,0.5227420494683627,内置演示数据（首次在线更新后自动替换）,演示快照
20251215,1569,3587,44,5200,0.4183800331866643,100.18,0.41762830224262754,内置演示数据（首次在线更新后自动替换）,演示快照
20251216,1509,3635,56,5200,0.45585327107904766,100.2,0.4549433843104268,内置演示数据（首次在线更新后自动替换）,演示快照
20251217,1607,3445,148,5200,0.6518291505002594,100.22,0.6503982742968064,内置演示数据（首次在线更新后自动替换）,演示快照
20251218,1925,3186,89,5200,0.6338032770126005,100.24,0.6322857911139271,内置演示数据（首次在线更新后自动替换）,演示快照
20251219,1416,3646,138,5200,0.555637692311089,100.26,0.5541967806813175,内置演示数据（首次在线更新后自动替换）,演示快照
20251222,1906,3155,139,5200,0.38027924212869907,100.28,0.3792174333154159,内置演示数据（首次在线更新后自动替换）,演示快照
20251223,1633,3419,148,5200,0.5276823132581479,100.3,0.5261040012543847,内置演示数据（首次在线更新后自动替换）,演示快照
20251224,1767,3314,119,5200,0.5322457349112582,100.32,0.5305479813708714,内置演示数据（首次在线更新后自动替换）,演示快照
20251225,1808,3277,115,5200,0.5025590142708618,100.34,0.5008561035188975,内置演示数据（首次在线更新后自动替换）,演示快照
20251226,1821,3272,107,5200,0.45443567483308556,100.36,0.45280557476393535,内置演示数据（首次在线更新后自动替换）,演示快照
20251229,1839,3246,115,5200,0.471102300953915,100.38,0.4693188891750498,内置演示数据（首次在线更新后自动替换）,演示快照
