trade_date,top_fraction,stock_count,top_count,top_amount_trillion,total_amount_trillion,crowding_pct,source,snapshot_kind
20240102,0.05,5200,260,0.37349580858363995,1.01712965429345,36.72057018562585,内置演示数据（首次在线更新后自动替换）,演示快照
20240103,0.05,5200,260,0.3834835728237438,1.0647155072686594,36.01746853556248,内置演示数据（首次在线更新后自动替换）,演示快照
20240104,0.05,5200,260,0.46633700590851723,1.1278684916157398,41.34675357766767,内置演示数据（首次在线更新后自动替换）,演示快照
20240105,0.05,5200,260,0.412345120613518,1.0134901207150235,40.685657628572244,内置演示数据（首次在线更新后自动替换）,演示快照
20240108,0.05,5200,260,0.3918113046338236,1.0135831087656026,38.65606098260586,内置演示数据（首次在线更新后自动替换）,演示快照
20240109,0.05,5200,260,0.381362525184219,0.9478765658545808,40.23335304638452,内置演示数据（首次在线更新后自动替换）,演示快照
20240110,0.05,5200,260,0.3808390890081971,0.9378144977237037,40.60921322207996,内置演示数据（首次在线更新后自动替换）,演示快照
20240111,0.05,5200,260,0.4936375383479195,1.101532970171591,44.813687081106906,内置演示数据（首次在线更新后自动替换）,演示快照
20240112,0.05,5200,260,0.47361299385015526,1.1231568651021984,42.16801842786762,内置演示数据（首次在线更新后自动替换）,演示快照
20240115,0.05,5200,260,0.4496384583781438,1.0608734534151636,42.38379770279554,内置演示数据（首次在线更新后自动替换）,演示快照
20240116,0.05,5200,260,0.44935153269837713,1.0939093724086009,41.0775832104795,内置演示数据（首次在线更新后自动替换）,演示快照
20240117,0.05,5200,260,0.5258604028847713,1.3011291440479829,40.415696265841135,内置演示数据（首次在线更新后自动替换）,演示快照
20240118,0.05,5200,260,0.5606504350230256,1.2647763535785501,44.32802949206987,内置演示数据（首次在线更新后自动替换）,演示快照
20240119,0.05,5200,260,0.47843093057958397,1.109020633374173,43.13994854396599,内置演示数据（首次在线更新后自动替换）,演示快照
20240122,0.05,5200,260,0.4811022919207313,1.1895680961884876,40.443442747181784,内置演示数据（首次在线更新后自动替换）,演示快照
20240123,0.05,5200,260,0.5504946214756743,1.2721929846346138,43.27131403210667,内置演示数据（首次在线更新后自动替换）,演示快照
20240124,0.05,5200,260,0.5333257766628856,1.2040871935168074,44.29295316273465,内置演示数据（首次在线更新后自动替换）,演示快照
20240125,0.05,5200,260,0.46552849405172286,1.203715734464546,38.67428834921776,内置演示数据（首次在线更新后自动替换）,演示快照
20240126,0.05,5200,260,0.5179428760459959,1.2552615739949151,41.261748688572055,内置演示数据（首次在线更新后自动替换）,演示快照
20240129,0.05,5200,260,0.6094949828288786,1.3831703233059742,44.06507084189738,内置演示数据（首次在线更新后自动替换）,演示快照
20240130,0.05,5200,260,0.5574886495690892,1.4036970057363676,39.715739742326754,内置演示数据（首次在线更新后自动替换）,演示快照
20240131,0.05,5200,260,0.5084584583942899,1.2632730981954639,40.24929044405386,内置演示数据（首次在线更新后自动替换）,演示快照
20240201,0.05,5200,260,0.5959108572676683,1.371519007695978,43.4489681822742,内置演示数据（首次在线更新后自动替换）,演示快照
20240202,0.05,5200,260,0.6081822209434323,1.34635622980934,45.172459374259226,内置演示数据（首次在线更新后自动替换）,演示快照
20240205,0.05,5200,260,0.5809269876899944,1.2780192060508773,45.455262717457785,内置演示数据（首次在线更新后自动替换）,演示快照
20240206,0.05,5200,260,0.6425375477194706,1.3463224655380153,47.72538260086901,内置演示数据（首次在线更新后自动替换）,演示快照
20240207,0.05,5200,260,0.5746496430034498,1.2799489014171086,44.896295654242174,内置演示数据（首次在线更新后自动替换）,演示快照
20240208,0.05,5200,260,0.6554642227773055,1.4847078737859893,44.14768954554533,内置演示数据（首次在线更新后自动替换）,演示快照
20240209,0.05,5200,260,0.6474720438066943,1.52600189525963,42.42930797255236,内置演示数据（首次在线更新后自动替换）,演示快照
20240212,0.05,5200,260,0.612333839002845,1.3786525546556991,44.4153849303799,内置演示数据（首次在线更新后自动替换）,演示快照
20240213,0.05,5200,260,0.6396402020346137,1.3688091474004034,46.72968494179024,内置演示数据（首次在线更新后自动替换）,演示快照
20240214,0.05,5200,260,0.7106003053598022,1.5138726980416488,46.93923777600569,内置演示数据（首次在线更新后自动替换）,演示快照
20240215,0.05,5200,260,0.707234212077708,1.5350895251834142,46.07120304551663,内置演示数据（首次在线更新后自动替换）,演示快照
20240216,0.05,5200,260,0.6339130020135133,1.3564507678793165,46.733211187942835,内置演示数据（首次在线更新后自动替换）,演示快照
20240219,0.05,5200,260,0.6957126116359365,1.4410711072984785,48.27746584553781,内置演示数据（首次在线更新后自动替换）,演示快照
20240220,0.05,5200,260,0.6685691308844348,1.4550074185971786,45.949534163133315,内置演示数据（首次在线更新后自动替换）,演示快照
20240221,0.05,5200,260,0.6824669398030552,1.4043574410912196,48.59638435587752,内置演示数据（首次在线更新后自动替换）,演示快照
20240222,0.05,5200,260,0.6680840646076226,1.5026773803177624,44.45958083606387,内置演示数据（首次在线更新后自动替换）,演示快照
20240223,0.05,5200,260,0.650925954595294,1.4210583473897254,45.80571626710114,内置演示数据（首次在线更新后自动替换）,演示快照
20240226,0.05,5200,260,0.6476143665741787,1.4385582330800866,45.018293433111594,内置演示数据（首次在线更新后自动替换）,演示快照
20240227,0.05,5200,260,0.7031846722061772,1.477861532294853,47.58122847370267,内置演示数据（首次在线更新后自动替换）,演示快照
20240228,0.05,5200,260,0.6026182459677174,1.370493910570884,43.970880959018245,内置演示数据（首次在线更新后自动替换）,演示快照
20240229,0.05,5200,260,0.6023229163204901,1.3282086033960985,45.34851790452266,内置演示数据（首次在线更新后自动替换）,演示快照
20240301,0.05,5200,260,0.6628430687536107,1.5687452047883788,42.25307377707823,内置演示数据（首次在线更新后自动替换）,演示快照
20240304,0.05,5200,260,0.6777570544234359,1.4380658548385805,47.12976475611491,内置演示数据（首次在线更新后自动替换）,演示快照
20240305,0.05,5200,260,0.807912700705385,1.6695366199440305,48.39143335067843,内置演示数据（首次在线更新后自动替换）,演示快照
20240306,0.05,5200,260,0.7899884070979316,1.6573962060713425,47.66442714204732,内置演示数据（首次在线更新后自动替换）,演示快照
20240307,0.05,5200,260,0.691818934262079,1.459477446745341,47.401824249141136,内置演示数据（首次在线更新后自动替换）,演示快照
20240308,0.05,5200,260,0.7992150169665492,1.6869110411673627,47.377425214638635,内置演示数据（首次在线更新后自动替换）,演示快照
20240311,0.05,5200,260,0.7399300557372149,1.5740285616577803,47.00868038620051,内置演示数据（首次在线更新后自动替换）,演示快照
20240312,0.05,5200,260,0.6758610752562394,1.4460788746404365,46.737497318345824,内置演示数据（首次在线更新后自动替换）,演示快照
20240313,0.05,5200,260,0.6028032464930534,1.2892852260412524,46.75484014844097,内置演示数据（首次在线更新后自动替换）,演示快照
20240314,0.05,5200,260,0.680750745817627,1.5484623686995915,43.96301515479034,内置演示数据（首次在线更新后自动替换）,演示快照
20240315,0.05,5200,260,0.6679516416435847,1.4929429976215254,44.74059911917123,内置演示数据（首次在线更新后自动替换）,演示快照
20240318,0.05,5200,260,0.6867369601520223,1.5214327422985936,45.13751683262017,内置演示数据（首次在线更新后自动替换）,演示快照
20240319,0.05,5200,260,0.6469156017989856,1.464560432758394,44.171314978144444,内置演示数据（首次在线更新后自动替换）,演示快照
20240320,0.05,5200,260,0.5761412847956175,1.3867658142942743,41.54567980094145,内置演示数据（首次在线更新后自动替换）,演示快照
20240321,0.05,5200,260,0.6048638473234799,1.4389879106900134,42.0339769938331,内置演示数据（首次在线更新后自动替换）,演示快照
20240322,0.05,5200,260,0.6824614447221,1.524031028226082,44.78002298394547,内置演示数据（首次在线更新后自动替换）,演示快照
20240325,0.05,5200,260,0.6582876573365882,1.432980621067411,45.938350292988424,内置演示数据（首次在线更新后自动替换）,演示快照
20240326,0.05,5200,260,0.6265481182705663,1.4258152848254324,43.943147821372726,内置演示数据（首次在线更新后自动替换）,演示快照
20240327,0.05,5200,260,0.652918338527305,1.3259106908594234,49.24301033458739,内置演示数据（首次在线更新后自动替换）,演示快照
20240328,0.05,5200,260,0.6027682484374054,1.447073507351043,41.65429367446645,内置演示数据（首次在线更新后自动替换）,演示快照
20240329,0.05,5200,260,0.5928609771261639,1.3426501280054346,44.15602879410475,内置演示数据（首次在线更新后自动替换）,演示快照
20240401,0.05,5200,260,0.6825699528008645,1.496434477458822,45.61308651214547,内置演示数据（首次在线更新后自动替换）,演示快照
20240402,0.05,5200,260,0.6087000946543943,1.3551021040445659,44.91913139516281,内置演示数据（首次在线更新后自动替换）,演示快照
20240403,0.05,5200,260,0.6053608911535376,1.3805918746701344,43.84792510083234,内置演示数据（首次在线更新后自动替换）,演示快照
20240404,0.05,5200,260,0.6962356614009755,1.5673357899351519,44.42160166774358,内置演示数据（首次在线更新后自动替换）,演示快照
20240405,0.05,5200,260,0.5726246707535172,1.3592220911759803,42.12885255992935,内置演示数据（首次在线更新后自动替换）,演示快照
20240408,0.05,5200,260,0.6029242361011147,1.337606620797714,45.074854350043985,内置演示数据（首次在线更新后自动替换）,演示快照
20240409,0.05,5200,260,0.6202686903668548,1.4083926997410767,44.04089076014715,内置演示数据（首次在线更新后自动替换）,演示快照
20240410,0.05,5200,260,0.47665405680784445,1.2070106542875672,39.49045976642083,内置演示数据（首次在线更新后自动替换）,演示快照
20240411,0.05,5200,260,0.5974571108165864,1.4377963360178576,41.55366764053055,内置演示数据（首次在线更新后自动替换）,演示快照
20240412,0.05,5200,260,0.5271721407809524,1.4047715629842124,37.52725031399836,内置演示数据（首次在线更新后自动替换）,演示快照
20240415,0.05,5200,260,0.5874315023789612,1.3543759058362728,43.3728553385809,内置演示数据（首次在线更新后自动替换）,演示快照
20240416,0.05,5200,260,0.41658462769578963,1.0290682725738733,40.48172884135677,内置演示数据（首次在线更新后自动替换）,演示快照
20240417,0.05,5200,260,0.5367481713812249,1.2649669882395616,42.43179279549504,内置演示数据（首次在线更新后自动替换）,演示快照
20240418,0.05,5200,260,0.4588255608562155,1.1700570409144546,39.21394810783086,内置演示数据（首次在线更新后自动替换）,演示快照
20240419,0.05,5200,260,0.4772998041496839,1.3476792286274955,35.416425066948314,内置演示数据（首次在线更新后自动替换）,演示快照
20240422,0.05,5200,260,0.5854200256700018,1.32753355667263,44.09832224032937,内置演示数据（首次在线更新后自动替换）,演示快照
20240423,0.05,5200,260,0.4884923657670126,1.2596771045043678,38.779173172256286,内置演示数据（首次在线更新后自动替换）,演示快照
20240424,0.05,5200,260,0.4046167202881922,1.117441044345714,36.209223057947014,内置演示数据（首次在线更新后自动替换）,演示快照
20240425,0.05,5200,260,0.529770290331268,1.3180496924748692,40.19349902783494,内置演示数据（首次在线更新后自动替换）,演示快照
20240426,0.05,5200,260,0.48421126415792787,1.162120938053816,41.66616815017791,内置演示数据（首次在线更新后自动替换）,演示快照
20240429,0.05,5200,260,0.48387233045660594,1.3119237604299978,36.88265622218865,内置演示数据（首次在线更新后自动替换）,演示快照
20240430,0.05,5200,260,0.43144140065636394,1.17293119903294,36.783180549044936,内置演示数据（首次在线更新后自动替换）,演示快照
20240501,0.05,5200,260,0.43702890310807746,1.1762824935944731,37.15339686579952,内置演示数据（首次在线更新后自动替换）,演示快照
20240502,0.05,5200,260,0.3698083425634256,1.0828003138419888,34.15295856825833,内置演示数据（首次在线更新后自动替换）,演示快照
20240503,0.05,5200,260,0.4218511949354214,1.2159350193679865,34.69356406518248,内置演示数据（首次在线更新后自动替换）,演示快照
20240506,0.05,5200,260,0.4467995056942153,1.13569233798137,39.34159725761438,内置演示数据（首次在线更新后自动替换）,演示快照
20240507,0.05,5200,260,0.4176998185829127,1.1859913394311035,35.21946617108309,内置演示数据（首次在线更新后自动替换）,演示快照
20240508,0.05,5200,260,0.35805504642304725,1.0682272839602622,33.518620222432624,内置演示数据（首次在线更新后自动替换）,演示快照
20240509,0.05,5200,260,0.3514838455656082,1.0336648582869996,34.00365628643804,内置演示数据（首次在线更新后自动替换）,演示快照
20240510,0.05,5200,260,0.39287197059464446,1.0684007442485501,36.77196713963049,内置演示数据（首次在线更新后自动替换）,演示快照
20240513,0.05,5200,260,0.34031666850820613,1.1195328539039489,30.398095716573216,内置演示数据（首次在线更新后自动替换）,演示快照
20240514,0.05,5200,260,0.36967928725774485,1.0688030516815492,34.588157909553864,内置演示数据（首次在线更新后自动替换）,演示快照
20240515,0.05,5200,260,0.3803577518626269,0.9818708328585517,38.73806402368419,内置演示数据（首次在线更新后自动替换）,演示快照
20240516,0.05,5200,260,0.3030464395477348,0.8056164959367808,37.61671230370583,内置演示数据（首次在线更新后自动替换）,演示快照
20240517,0.05,5200,260,0.3453316147442076,1.0024567988267565,34.44852837033702,内置演示数据（首次在线更新后自动替换）,演示快照
20240520,0.05,5200,260,0.28766829052773474,0.8060307691320565,35.68949245417757,内置演示数据（首次在线更新后自动替换）,演示快照
20240521,0.05,5200,260,0.32155174742028175,0.9075164790544444,35.432056038840365,内置演示数据（首次在线更新后自动替换）,演示快照
20240522,0.05,5200,260,0.28428317151090254,0.8791494504944636,32.33615983619304,内置演示数据（首次在线更新后自动替换）,演示快照
20240523,0.05,5200,260,0.2596255169039996,0.7588079703413353,34.21491695549956,内置演示数据（首次在线更新后自动替换）,演示快照
20240524,0.05,5200,260,0.3165492488420046,0.8859903538132381,35.72829517608173,内置演示数据（首次在线更新后自动替换）,演示快照
20240527,0.05,5200,260,0.2979036921067688,1.0126559574523701,29.41805555128831,内置演示数据（首次在线更新后自动替换）,演示快照
20240528,0.05,5200,260,0.2630866749522608,0.7995999436607965,32.90228783005849,内置演示数据（首次在线更新后自动替换）,演示快照
20240529,0.05,5200,260,0.280995850808402,0.8703714685948447,32.28458893098261,内置演示数据（首次在线更新后自动替换）,演示快照
20240530,0.05,5200,260,0.3102976706878898,0.9822610824024653,31.59014199452427,内置演示数据（首次在线更新后自动替换）,演示快照
20240531,0.05,5200,260,0.264879468616385,0.8477488358732836,31.245040678059695,内置演示数据（首次在线更新后自动替换）,演示快照
20240603,0.05,5200,260,0.2245349567206958,0.7123320187175978,31.521109654023864,内置演示数据（首次在线更新后自动替换）,演示快照
20240604,0.05,5200,260,0.2423380180170858,0.7683226593956474,31.541178052422108,内置演示数据（首次在线更新后自动替换）,演示快照
20240605,0.05,5200,260,0.2553471041527665,0.7735443441944986,33.0100150132521,内置演示数据（首次在线更新后自动替换）,演示快照
20240606,0.05,5200,260,0.2641071241041629,0.8358017602052759,31.599254354202042,内置演示数据（首次在线更新后自动替换）,演示快照
20240607,0.05,5200,260,0.24276987474374276,0.8045453806442718,30.174789463005194,内置演示数据（首次在线更新后自动替换）,演示快照
20240610,0.05,5200,260,0.13581951517905827,0.4724803650498752,28.74606549305411,内置演示数据（首次在线更新后自动替换）,演示快照
20240611,0.05,5200,260,0.18001789180704442,0.6125642810658799,29.387592024433417,内置演示数据（首次在线更新后自动替换）,演示快照
20240612,0.05,5200,260,0.20396233318483253,0.6628024423947868,30.772719009286014,内置演示数据（首次在线更新后自动替换）,演示快照
20240613,0.05,5200,260,0.16538329459820109,0.5748939554049974,28.76761758291457,内置演示数据（首次在线更新后自动替换）,演示快照
20240614,0.05,5200,260,0.11204358364151445,0.35,32.01245246900413,内置演示数据（首次在线更新后自动替换）,演示快照
20240617,0.05,5200,260,0.17775926553352356,0.5746515198182008,30.933402140789642,内置演示数据（首次在线更新后自动替换）,演示快照
20240618,0.05,5200,260,0.20083634326840802,0.621309903747023,32.32466472161403,内置演示数据（首次在线更新后自动替换）,演示快照
20240619,0.05,5200,260,0.163477798947533,0.5688941381309005,28.736066693293537,内置演示数据（首次在线更新后自动替换）,演示快照
20240620,0.05,5200,260,0.14762370786489457,0.5209118872732288,28.339477649021852,内置演示数据（首次在线更新后自动替换）,演示快照
20240621,0.05,5200,260,0.19176203162204863,0.5941786144505812,32.273465748908706,内置演示数据（首次在线更新后自动替换）,演示快照
20240624,0.05,5200,260,0.18434855346530132,0.6089571515805746,30.272828389783527,内置演示数据（首次在线更新后自动替换）,演示快照
20240625,0.05,5200,260,0.15856756691867266,0.5351359272633422,29.63126914867762,内置演示数据（首次在线更新后自动替换）,演示快照
20240626,0.05,5200,260,0.21208439622787778,0.6739516195910997,31.468786491907796,内置演示数据（首次在线更新后自动替换）,演示快照
20240627,0.05,5200,260,0.17635457051558112,0.5609018484061576,31.44125322758432,内置演示数据（首次在线更新后自动替换）,演示快照
20240628,0.05,5200,260,0.13255287404121574,0.47912915426497554,27.665374327839224,内置演示数据（首次在线更新后自动替换）,演示快照
20240701,0.05,5200,260,0.14921855019800875,0.4519540458372859,33.0163103024264,内置演示数据（首次在线更新后自动替换）,演示快照
20240702,0.05,5200,260,0.15298467129591642,0.5184551651039262,29.507791915864143,内置演示数据（首次在线更新后自动替换）,演示快照
20240703,0.05,5200,260,0.20923994065571289,0.6186581907672927,33.82157446201471,内置演示数据（首次在线更新后自动替换）,演示快照
20240704,0.05,5200,260,0.12767696328246902,0.4583038663237913,27.858583063374237,内置演示数据（首次在线更新后自动替换）,演示快照
20240705,0.05,5200,260,0.1773369462696888,0.5670123652158404,31.27567530245716,内置演示数据（首次在线更新后自动替换）,演示快照
20240708,0.05,5200,260,0.15884303918664983,0.5225836177267588,30.39571731651631,内置演示数据（首次在线更新后自动替换）,演示快照
20240709,0.05,5200,260,0.1807738577951716,0.6706935787278256,26.95327099121244,内置演示数据（首次在线更新后自动替换）,演示快照
20240710,0.05,5200,260,0.17452971640860288,0.5392139565071178,32.36743305740066,内置演示数据（首次在线更新后自动替换）,演示快照
20240711,0.05,5200,260,0.12297026666196961,0.44944126140274293,27.36069809838317,内置演示数据（首次在线更新后自动替换）,演示快照
20240712,0.05,5200,260,0.17307547972114232,0.5620640604844428,30.792838733002895,内置演示数据（首次在线更新后自动替换）,演示快照
20240715,0.05,5200,260,0.19013590706481065,0.5631633945250764,33.7621210670404,内置演示数据（首次在线更新后自动替换）,演示快照
20240716,0.05,5200,260,0.14381809674916188,0.4687616604673708,30.680430777075607,内置演示数据（首次在线更新后自动替换）,演示快照
20240717,0.05,5200,260,0.12260145728112516,0.4069187148715488,30.129225518621457,内置演示数据（首次在线更新后自动替换）,演示快照
20240718,0.05,5200,260,0.18321959591920167,0.5429924777693813,33.742566134961876,内置演示数据（首次在线更新后自动替换）,演示快照
20240719,0.05,5200,260,0.16113648255433585,0.5058175501469848,31.856641294378065,内置演示数据（首次在线更新后自动替换）,演示快照
20240722,0.05,5200,260,0.12090597820132805,0.3805936882430754,31.767730768070045,内置演示数据（首次在线更新后自动替换）,演示快照
20240723,0.05,5200,260,0.18528105428950276,0.5240141086191725,35.358027816796024,内置演示数据（首次在线更新后自动替换）,演示快照
20240724,0.05,5200,260,0.1397302816325809,0.45497917621484185,30.711357560373276,内置演示数据（首次在线更新后自动替换）,演示快照
20240725,0.05,5200,260,0.12544937836737213,0.3875255303388353,32.37190031265416,内置演示数据（首次在线更新后自动替换）,演示快照
20240726,0.05,5200,260,0.17073146927472588,0.4839852283192644,35.27617358645947,内置演示数据（首次在线更新后自动替换）,演示快照
20240729,0.05,5200,260,0.19389249048685817,0.6187108769571572,31.338141563055842,内置演示数据（首次在线更新后自动替换）,演示快照
20240730,0.05,5200,260,0.23216994630446894,0.6171827826754753,37.61769654331846,内置演示数据（首次在线更新后自动替换）,演示快照
20240731,0.05,5200,260,0.20385553254355127,0.6012712016594355,33.90409053035216,内置演示数据（首次在线更新后自动替换）,演示快照
20240801,0.05,5200,260,0.20093851538055818,0.5525899744653163,36.36304034921832,内置演示数据（首次在线更新后自动替换）,演示快照
20240802,0.05,5200,260,0.21425513386730274,0.5847564351045418,36.64006430797099,内置演示数据（首次在线更新后自动替换）,演示快照
20240805,0.05,5200,260,0.19235734269847185,0.5515398348002952,34.87641881172948,内置演示数据（首次在线更新后自动替换）,演示快照
20240806,0.05,5200,260,0.15955567964337042,0.4623068221624777,34.512940755889296,内置演示数据（首次在线更新后自动替换）,演示快照
20240807,0.05,5200,260,0.17333895520521664,0.4858325202317286,35.6787468905002,内置演示数据（首次在线更新后自动替换）,演示快照
20240808,0.05,5200,260,0.19408954177554766,0.5177507446741468,37.48706182889229,内置演示数据（首次在线更新后自动替换）,演示快照
20240809,0.05,5200,260,0.23623966229115229,0.686968307681505,34.3887279295974,内置演示数据（首次在线更新后自动替换）,演示快照
20240812,0.05,5200,260,0.22952489311367902,0.6700015373776849,34.25736812664866,内置演示数据（首次在线更新后自动替换）,演示快照
20240813,0.05,5200,260,0.2024565081674699,0.5069450991500639,39.936574691599795,内置演示数据（首次在线更新后自动替换）,演示快照
20240814,0.05,5200,260,0.2175207555273108,0.6075274266032664,35.804269239906816,内置演示数据（首次在线更新后自动替换）,演示快照
20240815,0.05,5200,260,0.2226159438202689,0.5814091848017883,38.28903114011903,内置演示数据（首次在线更新后自动替换）,演示快照
20240816,0.05,5200,260,0.2294020555504767,0.612000605784398,37.48395890171601,内置演示数据（首次在线更新后自动替换）,演示快照
20240819,0.05,5200,260,0.22452922114453228,0.5927334012024789,37.880305157264566,内置演示数据（首次在线更新后自动替换）,演示快照
20240820,0.05,5200,260,0.3142376533012309,0.7596851670393062,41.36419492378639,内置演示数据（首次在线更新后自动替换）,演示快照
20240821,0.05,5200,260,0.25414198259086734,0.6577222553167169,38.639711601136085,内置演示数据（首次在线更新后自动替换）,演示快照
20240822,0.05,5200,260,0.2645544040264873,0.6889108566538095,38.40183406478536,内置演示数据（首次在线更新后自动替换）,演示快照
20240823,0.05,5200,260,0.2730559794660323,0.702307337554505,38.87984146895529,内置演示数据（首次在线更新后自动替换）,演示快照
20240826,0.05,5200,260,0.23818586857215976,0.6152441070614354,38.71404306654751,内置演示数据（首次在线更新后自动替换）,演示快照
20240827,0.05,5200,260,0.27833497142775554,0.7195851749550877,38.67992019779001,内置演示数据（首次在线更新后自动替换）,演示快照
20240828,0.05,5200,260,0.31833009856425537,0.8096425744441286,39.31736158795866,内置演示数据（首次在线更新后自动替换）,演示快照
20240829,0.05,5200,260,0.37632200331935045,0.8565347651991311,43.935403279499276,内置演示数据（首次在线更新后自动替换）,演示快照
20240830,0.05,5200,260,0.2798451439681887,0.6612468314047184,42.32082948113342,内置演示数据（首次在线更新后自动替换）,演示快照
20240902,0.05,5200,260,0.261663948390351,0.6462108113020231,40.49204126794711,内置演示数据（首次在线更新后自动替换）,演示快照
20240903,0.05,5200,260,0.3420004960808915,0.7875546465907831,43.42562101072797,内置演示数据（首次在线更新后自动替换）,演示快照
20240904,0.05,5200,260,0.341837073731771,0.8864454072399774,38.562676385916376,内置演示数据（首次在线更新后自动替换）,演示快照
20240905,0.05,5200,260,0.37678302753295734,0.841829383927577,44.757647419607316,内置演示数据（首次在线更新后自动替换）,演示快照
20240906,0.05,5200,260,0.39613282315120946,0.8830443101015859,44.859903248302246,内置演示数据（首次在线更新后自动替换）,演示快照
20240909,0.05,5200,260,0.3457029800512333,0.7355500626709008,46.99924554365885,内置演示数据（首次在线更新后自动替换）,演示快照
20240910,0.05,5200,260,0.3649106599833546,0.8145332521589375,44.79997090556478,内置演示数据（首次在线更新后自动替换）,演示快照
20240911,0.05,5200,260,0.30756074686813323,0.700680749453859,43.894562125170324,内置演示数据（首次在线更新后自动替换）,演示快照
20240912,0.05,5200,260,0.4039193513564273,0.8811855272379907,45.83817355948661,内置演示数据（首次在线更新后自动替换）,演示快照
20240913,0.05,5200,260,0.31073731801382926,0.7357811925964903,42.23229964838754,内置演示数据（首次在线更新后自动替换）,演示快照
20240916,0.05,5200,260,0.4428480207512349,1.0319670527185854,42.91299994361336,内置演示数据（首次在线更新后自动替换）,演示快照
20240917,0.05,5200,260,0.466880542243611,1.0662581349026,43.78682112341017,内置演示数据（首次在线更新后自动替换）,演示快照
20240918,0.05,5200,260,0.45436389052026965,0.9697067779561931,46.85580227436502,内置演示数据（首次在线更新后自动替换）,演示快照
20240919,0.05,5200,260,0.3638371087865055,0.8540784876037391,42.599961721001975,内置演示数据（首次在线更新后自动替换）,演示快照
20240920,0.05,5200,260,0.43499924531616047,1.0217980676653733,42.57193853478861,内置演示数据（首次在线更新后自动替换）,演示快照
20240923,0.05,5200,260,0.5223767107179759,1.1571375549190501,45.14387321518743,内置演示数据（首次在线更新后自动替换）,演示快照
20240924,0.05,5200,260,0.49191443103707594,1.0631223449160405,46.270726355198995,内置演示数据（首次在线更新后自动替换）,演示快照
20240925,0.05,5200,260,0.49533118392965614,1.1364909331189024,43.584261826911856,内置演示数据（首次在线更新后自动替换）,演示快照
20240926,0.05,5200,260,0.4738015760689741,1.0194613774895491,46.47567691438426,内置演示数据（首次在线更新后自动替换）,演示快照
20240927,0.05,5200,260,0.48250113865378097,1.0050954435810509,48.00550452548859,内置演示数据（首次在线更新后自动替换）,演示快照
20240930,0.05,5200,260,0.5188178655960306,1.0855578368544552,47.792742862911176,内置演示数据（首次在线更新后自动替换）,演示快照
20241001,0.05,5200,260,0.4405826105630421,0.9534235656486494,46.210585351254394,内置演示数据（首次在线更新后自动替换）,演示快照
20241002,0.05,5200,260,0.5927366331982508,1.304900775366404,45.423885431581255,内置演示数据（首次在线更新后自动替换）,演示快照
20241003,0.05,5200,260,0.5659132643937221,1.1510218770078207,49.16616058287804,内置演示数据（首次在线更新后自动替换）,演示快照
20241004,0.05,5200,260,0.5611526459435692,1.2251125181060494,45.80417207809431,内置演示数据（首次在线更新后自动替换）,演示快照
20241007,0.05,5200,260,0.5414416903628065,1.134597745442212,47.7210264640336,内置演示数据（首次在线更新后自动替换）,演示快照
20241008,0.05,5200,260,0.5298172479180222,1.063628705696947,49.81223664613841,内置演示数据（首次在线更新后自动替换）,演示快照
20241009,0.05,5200,260,0.6267794812333506,1.3164901467627694,47.60988775909888,内置演示数据（首次在线更新后自动替换）,演示快照
20241010,0.05,5200,260,0.4958952288703864,1.127621387031135,43.977103890873096,内置演示数据（首次在线更新后自动替换）,演示快照
20241011,0.05,5200,260,0.5484162768224945,1.2603392606584207,43.51338516075373,内置演示数据（首次在线更新后自动替换）,演示快照
20241014,0.05,5200,260,0.5823142332329548,1.2825034604748602,45.40449606407665,内置演示数据（首次在线更新后自动替换）,演示快照
20241015,0.05,5200,260,0.6009042150251868,1.2673228138591506,47.415244833742165,内置演示数据（首次在线更新后自动替换）,演示快照
20241016,0.05,5200,260,0.5683981466155564,1.2126995796589815,46.87048269410578,内置演示数据（首次在线更新后自动替换）,演示快照
20241017,0.05,5200,260,0.6433240967828088,1.2772493032320016,50.36793483894776,内置演示数据（首次在线更新后自动替换）,演示快照
20241018,0.05,5200,260,0.5738870289673327,1.2266480540806217,46.78497854850987,内置演示数据（首次在线更新后自动替换）,演示快照
20241021,0.05,5200,260,0.6241073876476049,1.38048232454102,45.209371866105336,内置演示数据（首次在线更新后自动替换）,演示快照
20241022,0.05,5200,260,0.5982698789112714,1.3742170535592517,43.535326341769625,内置演示数据（首次在线更新后自动替换）,演示快照
20241023,0.05,5200,260,0.6439906547256394,1.3391613361741637,48.08910153913566,内置演示数据（首次在线更新后自动替换）,演示快照
20241024,0.05,5200,260,0.5965814144850189,1.3074069312494083,45.63088968137126,内置演示数据（首次在线更新后自动替换）,演示快照
20241025,0.05,5200,260,0.6520792407198954,1.5330699520454993,42.534213122490485,内置演示数据（首次在线更新后自动替换）,演示快照
20241028,0.05,5200,260,0.5783314530858312,1.271523926945547,45.48333230937292,内置演示数据（首次在线更新后自动替换）,演示快照
20241029,0.05,5200,260,0.547200616903255,1.2629071302403743,43.32865052389911,内置演示数据（首次在线更新后自动替换）,演示快照
20241030,0.05,5200,260,0.6164380750370502,1.3902734534743348,44.33934011302259,内置演示数据（首次在线更新后自动替换）,演示快照
20241031,0.05,5200,260,0.6246193492270045,1.3861070139682359,45.06285178074413,内置演示数据（首次在线更新后自动替换）,演示快照
20241101,0.05,5200,260,0.6480762571316564,1.5040223611553933,43.08953602483694,内置演示数据（首次在线更新后自动替换）,演示快照
20241104,0.05,5200,260,0.6463518214461282,1.4769076267100159,43.763862394424244,内置演示数据（首次在线更新后自动替换）,演示快照
20241105,0.05,5200,260,0.6186781448013845,1.4361104817679662,43.08012180509556,内置演示数据（首次在线更新后自动替换）,演示快照
20241106,0.05,5200,260,0.6364924466551056,1.4818236838474097,42.95331850834746,内置演示数据（首次在线更新后自动替换）,演示快照
20241107,0.05,5200,260,0.6276366474682045,1.4879273077657862,42.18194290758997,内置演示数据（首次在线更新后自动替换）,演示快照
20241108,0.05,5200,260,0.6991618288218007,1.6246967361570082,43.03337436841104,内置演示数据（首次在线更新后自动替换）,演示快照
20241111,0.05,5200,260,0.6229806207030444,1.4832323427079268,42.00155314612902,内置演示数据（首次在线更新后自动替换）,演示快照
20241112,0.05,5200,260,0.6329609760057748,1.4145138177730099,44.747599355536835,内置演示数据（首次在线更新后自动替换）,演示快照
20241113,0.05,5200,260,0.6520670174868853,1.490395730443736,43.75126714116023,内置演示数据（首次在线更新后自动替换）,演示快照
20241114,0.05,5200,260,0.5779359804962552,1.2700097526799126,45.5064206614731,内置演示数据（首次在线更新后自动替换）,演示快照
20241115,0.05,5200,260,0.6910511028412502,1.481348032702114,46.65015159069067,内置演示数据（首次在线更新后自动替换）,演示快照
20241118,0.05,5200,260,0.6928861958720265,1.5753164806155675,43.983936205712496,内置演示数据（首次在线更新后自动替换）,演示快照
20241119,0.05,5200,260,0.6661747189321722,1.5394286230028202,43.27415438285973,内置演示数据（首次在线更新后自动替换）,演示快照
20241120,0.05,5200,260,0.6617565589391928,1.5179686004301542,43.594877967282564,内置演示数据（首次在线更新后自动替换）,演示快照
20241121,0.05,5200,260,0.6623727153175615,1.5483045413071161,42.780518796280894,内置演示数据（首次在线更新后自动替换）,演示快照
20241122,0.05,5200,260,0.6611167281487699,1.5863557583182217,41.675186961193,内置演示数据（首次在线更新后自动替换）,演示快照
20241125,0.05,5200,260,0.6652934522659528,1.6132903452711576,41.23829626923926,内置演示数据（首次在线更新后自动替换）,演示快照
20241126,0.05,5200,260,0.5984720326256673,1.5356898877302674,38.97089102476297,内置演示数据（首次在线更新后自动替换）,演示快照
20241127,0.05,5200,260,0.6253326255119009,1.474670858264799,42.404894760564474,内置演示数据（首次在线更新后自动替换）,演示快照
20241128,0.05,5200,260,0.5306616149013808,1.314388911675104,40.37325712258838,内置演示数据（首次在线更新后自动替换）,演示快照
20241129,0.05,5200,260,0.6786044482266625,1.576680526946411,43.04007290182808,内置演示数据（首次在线更新后自动替换）,演示快照
20241202,0.05,5200,260,0.6409545731315904,1.538045079624591,41.67332815030596,内置演示数据（首次在线更新后自动替换）,演示快照
20241203,0.05,5200,260,0.5769956587891548,1.506891882312955,38.29044840984305,内置演示数据（首次在线更新后自动替换）,演示快照
20241204,0.05,5200,260,0.5996727326810757,1.436935655892247,41.73274775541125,内置演示数据（首次在线更新后自动替换）,演示快照
20241205,0.05,5200,260,0.5294942993755325,1.5659459943894454,33.81306260066649,内置演示数据（首次在线更新后自动替换）,演示快照
20241206,0.05,5200,260,0.6221914869730066,1.4643659913562925,42.4887965608061,内置演示数据（首次在线更新后自动替换）,演示快照
20241209,0.05,5200,260,0.5267744245966202,1.4778634300561184,35.644323682643474,内置演示数据（首次在线更新后自动替换）,演示快照
20241210,0.05,5200,260,0.5738541988317749,1.4712764356580412,39.003832653318725,内置演示数据（首次在线更新后自动替换）,演示快照
20241211,0.05,5200,260,0.5808621472215644,1.5063534157931264,38.5608145559738,内置演示数据（首次在线更新后自动替换）,演示快照
20241212,0.05,5200,260,0.5441689731910547,1.3725618933085153,39.646224759989025,内置演示数据（首次在线更新后自动替换）,演示快照
20241213,0.05,5200,260,0.5476296026477294,1.503027768493522,36.43509548706582,内置演示数据（首次在线更新后自动替换）,演示快照
20241216,0.05,5200,260,0.45281095209473926,1.3934148483335045,32.496492529578816,内置演示数据（首次在线更新后自动替换）,演示快照
20241217,0.05,5200,260,0.49759790941028387,1.3887827574954148,35.82978739653071,内置演示数据（首次在线更新后自动替换）,演示快照
20241218,0.05,5200,260,0.5385124765544519,1.5065344994910146,35.74511415014985,内置演示数据（首次在线更新后自动替换）,演示快照
20241219,0.05,5200,260,0.4283900374020554,1.3476971771564945,31.786817147299757,内置演示数据（首次在线更新后自动替换）,演示快照
20241220,0.05,5200,260,0.5313176994431178,1.489084271270784,35.680834838829604,内置演示数据（首次在线更新后自动替换）,演示快照
20241223,0.05,5200,260,0.4697447324003475,1.4171627866023966,33.14684359773133,内置演示数据（首次在线更新后自动替换）,演示快照
20241224,0.05,5200,260,0.4601756410369564,1.2673814164021393,36.30916747566882,内置演示数据（首次在线更新后自动替换）,演示快照
20241225,0.05,5200,260,0.5129016558366366,1.498148169250987,34.235709548880365,内置演示数据（首次在线更新后自动替换）,演示快照
20241226,0.05,5200,260,0.5384038159524775,1.4031247729024785,38.37177037639676,内置演示数据（首次在线更新后自动替换）,演示快照
20241227,0.05,5200,260,0.47087060826759625,1.3987286182082461,33.664186328780175,内置演示数据（首次在线更新后自动替换）,演示快照
20241230,0.05,5200,260,0.4993882123739213,1.4362640473880166,34.76994451557194,内置演示数据（首次在线更新后自动替换）,演示快照
20241231,0.05,5200,260,0.4862702562809057,1.4637132671214346,33.22168809996604,内置演示数据（首次在线更新后自动替换）,演示快照
20250101,0.05,5200,260,0.4062428838310228,1.347566766738382,30.146401192000546,内置演示数据（首次在线更新后自动替换）,演示快照
20250102,0.05,5200,260,0.44788891110448253,1.3682083261884959,32.73543235569944,内置演示数据（首次在线更新后自动替换）,演示快照
20250103,0.05,5200,260,0.45955837799039784,1.3355067226074586,34.4107873222196,内置演示数据（首次在线更新后自动替换）,演示快照
20250106,0.05,5200,260,0.4285233179780397,1.2650291799097464,33.87457971590922,内置演示数据（首次在线更新后自动替换）,演示快照
20250107,0.05,5200,260,0.3670445389056094,1.152105516593253,31.85858704947016,内置演示数据（首次在线更新后自动替换）,演示快照
20250108,0.05,5200,260,0.37580593266779905,1.2819862825890975,29.31434897328402,内置演示数据（首次在线更新后自动替换）,演示快照
20250109,0.05,5200,260,0.4532644865291121,1.3608254546805068,33.30805467888085,内置演示数据（首次在线更新后自动替换）,演示快照
20250110,0.05,5200,260,0.41887994015526486,1.2826166565172055,32.658233309762565,内置演示数据（首次在线更新后自动替换）,演示快照
20250113,0.05,5200,260,0.37837358803928167,1.1357336129756461,33.3153464612124,内置演示数据（首次在线更新后自动替换）,演示快照
20250114,0.05,5200,260,0.3997899576269574,1.2938609630724707,30.89898907511631,内置演示数据（首次在线更新后自动替换）,演示快照
20250115,0.05,5200,260,0.3253950656681549,1.1660044953241904,27.906844868353925,内置演示数据（首次在线更新后自动替换）,演示快照
20250116,0.05,5200,260,0.32435382991808454,1.0078909162793928,32.181441927806,内置演示数据（首次在线更新后自动替换）,演示快照
20250117,0.05,5200,260,0.38401115264171454,1.2409814863892779,30.944148390079672,内置演示数据（首次在线更新后自动替换）,演示快照
20250120,0.05,5200,260,0.35891110068507814,1.068037665888855,33.604723143015825,内置演示数据（首次在线更新后自动替换）,演示快照
20250121,0.05,5200,260,0.39053054135031834,1.2700857038476916,30.74836132453237,内置演示数据（首次在线更新后自动替换）,演示快照
20250122,0.05,5200,260,0.36675948486864485,1.2032668290979174,30.480312096993686,内置演示数据（首次在线更新后自动替换）,演示快照
20250123,0.05,5200,260,0.3370430059501126,1.0769147219439863,31.297093361459616,内置演示数据（首次在线更新后自动替换）,演示快照
20250124,0.05,5200,260,0.3253976825816962,1.1154754584453905,29.17120947108909,内置演示数据（首次在线更新后自动替换）,演示快照
20250127,0.05,5200,260,0.36413735385314566,1.256140697005939,28.98858023795276,内置演示数据（首次在线更新后自动替换）,演示快照
20250128,0.05,5200,260,0.3377907520168089,1.1256591808043335,30.00826162812819,内置演示数据（首次在线更新后自动替换）,演示快照
20250129,0.05,5200,260,0.2966106663187588,1.04809529868367,28.299971070500916,内置演示数据（首次在线更新后自动替换）,演示快照
20250130,0.05,5200,260,0.36846678543131994,1.2435200322631805,29.630948908858194,内置演示数据（首次在线更新后自动替换）,演示快照
20250131,0.05,5200,260,0.34102332874042984,1.0051288467781312,33.92831972075578,内置演示数据（首次在线更新后自动替换）,演示快照
20250203,0.05,5200,260,0.3292842589620312,1.0256069570735584,32.10628171844726,内置演示数据（首次在线更新后自动替换）,演示快照
20250204,0.05,5200,260,0.2717671793918808,0.8875273846443545,30.620709185303834,内置演示数据（首次在线更新后自动替换）,演示快照
20250205,0.05,5200,260,0.2687506651525194,0.8118513454841714,33.10343286950421,内置演示数据（首次在线更新后自动替换）,演示快照
20250206,0.05,5200,260,0.25699588798546735,0.906269270927014,28.357563941519143,内置演示数据（首次在线更新后自动替换）,演示快照
20250207,0.05,5200,260,0.3206354275222376,0.9159092561379917,35.00733564744436,内置演示数据（首次在线更新后自动替换）,演示快照
20250210,0.05,5200,260,0.2688753402302894,0.9228176904916223,29.136344372315687,内置演示数据（首次在线更新后自动替换）,演示快照
20250211,0.05,5200,260,0.2614859123724261,0.7666499296929022,34.10760273299311,内置演示数据（首次在线更新后自动替换）,演示快照
20250212,0.05,5200,260,0.3131751375170286,0.9169736325639646,34.153123535445026,内置演示数据（首次在线更新后自动替换）,演示快照
20250213,0.05,5200,260,0.20882913652748883,0.7817278823775669,26.713788932838195,内置演示数据（首次在线更新后自动替换）,演示快照
20250214,0.05,5200,260,0.2927944534240872,0.8810652074667481,33.2318710286988,内置演示数据（首次在线更新后自动替换）,演示快照
20250217,0.05,5200,260,0.26584997072852373,0.8915545540015279,29.818699207504483,内置演示数据（首次在线更新后自动替换）,演示快照
20250218,0.05,5200,260,0.22591719361363397,0.7697172654938086,29.350672479549722,内置演示数据（首次在线更新后自动替换）,演示快照
20250219,0.05,5200,260,0.22440025619632803,0.7090707283463771,31.64709065337552,内置演示数据（首次在线更新后自动替换）,演示快照
20250220,0.05,5200,260,0.2568228059821136,0.8947239985030295,28.704137411291757,内置演示数据（首次在线更新后自动替换）,演示快照
20250221,0.05,5200,260,0.26325732185168615,0.826374993913557,31.856883834897864,内置演示数据（首次在线更新后自动替换）,演示快照
20250224,0.05,5200,260,0.2196072372723332,0.7542805901480962,29.114793637897442,内置演示数据（首次在线更新后自动替换）,演示快照
20250225,0.05,5200,260,0.26635819765793844,0.8454636656497033,31.504393208104734,内置演示数据（首次在线更新后自动替换）,演示快照
20250226,0.05,5200,260,0.2449701158948703,0.7208195495552732,33.98494339478035,内置演示数据（首次在线更新后自动替换）,演示快照
20250227,0.05,5200,260,0.2100214748786577,0.6510047740397411,32.2611266850459,内置演示数据（首次在线更新后自动替换）,演示快照
20250228,0.05,5200,260,0.18798039361096855,0.6073285104037381,30.952012031512147,内置演示数据（首次在线更新后自动替换）,演示快照
20250303,0.05,5200,260,0.2194313042639858,0.6660072987424714,32.94728221121709,内置演示数据（首次在线更新后自动替换）,演示快照
20250304,0.05,5200,260,0.21176474374681123,0.7238969092096129,29.25343941280626,内置演示数据（首次在线更新后自动替换）,演示快照
20250305,0.05,5200,260,0.23293587033916974,0.7612433934118542,30.599394668656895,内置演示数据（首次在线更新后自动替换）,演示快照
20250306,0.05,5200,260,0.20254339331676324,0.6402356419885644,31.63575721708742,内置演示数据（首次在线更新后自动替换）,演示快照
20250307,0.05,5200,260,0.24834647145698047,0.724098778210871,34.29731949977926,内置演示数据（首次在线更新后自动替换）,演示快照
20250310,0.05,5200,260,0.20228959980684885,0.5990155405980462,33.77034251980952,内置演示数据（首次在线更新后自动替换）,演示快照
20250311,0.05,5200,260,0.18615132791490419,0.5431640173959196,34.27166048431665,内置演示数据（首次在线更新后自动替换）,演示快照
20250312,0.05,5200,260,0.16402886706213138,0.4911596435461478,33.39624279345332,内置演示数据（首次在线更新后自动替换）,演示快照
20250313,0.05,5200,260,0.17530392753595442,0.5455875684698238,32.13121736399139,内置演示数据（首次在线更新后自动替换）,演示快照
20250314,0.05,5200,260,0.17567134049157077,0.4754760954800425,36.94640848646919,内置演示数据（首次在线更新后自动替换）,演示快照
20250317,0.05,5200,260,0.2394544812556217,0.7290815356591938,32.843306207051405,内置演示数据（首次在线更新后自动替换）,演示快照
20250318,0.05,5200,260,0.2104445340354604,0.5952958341189127,35.35125259979952,内置演示数据（首次在线更新后自动替换）,演示快照
20250319,0.05,5200,260,0.18833665974834418,0.5448231215476946,34.568404368252736,内置演示数据（首次在线更新后自动替换）,演示快照
20250320,0.05,5200,260,0.24728305420638333,0.6830498468843875,36.20278305226503,内置演示数据（首次在线更新后自动替换）,演示快照
20250321,0.05,5200,260,0.14837696102747922,0.43443089967587634,34.154329523563234,内置演示数据（首次在线更新后自动替换）,演示快照
20250324,0.05,5200,260,0.19692532238455362,0.5214760511646858,37.76306159117617,内置演示数据（首次在线更新后自动替换）,演示快照
20250325,0.05,5200,260,0.26585190154027954,0.6867760249490948,38.710131379438444,内置演示数据（首次在线更新后自动替换）,演示快照
20250326,0.05,5200,260,0.19505998598361504,0.5101592513269327,38.235116873066744,内置演示数据（首次在线更新后自动替换）,演示快照
20250327,0.05,5200,260,0.26281818565996906,0.7128393791113585,36.86920130417094,内置演示数据（首次在线更新后自动替换）,演示快照
20250328,0.05,5200,260,0.20724771710879125,0.5758909612032141,35.98731896673404,内置演示数据（首次在线更新后自动替换）,演示快照
20250331,0.05,5200,260,0.26283815419236367,0.6140059576573329,42.807101611064425,内置演示数据（首次在线更新后自动替换）,演示快照
20250401,0.05,5200,260,0.21765718982241825,0.6133576958764525,35.48617573166646,内置演示数据（首次在线更新后自动替换）,演示快照
20250402,0.05,5200,260,0.19938706722815003,0.5042767409680687,39.53921548025063,内置演示数据（首次在线更新后自动替换）,演示快照
20250403,0.05,5200,260,0.17949960831516723,0.46322494017916516,38.74998790992142,内置演示数据（首次在线更新后自动替换）,演示快照
20250404,0.05,5200,260,0.18817085702748249,0.4917329458920175,38.26688014286601,内置演示数据（首次在线更新后自动替换）,演示快照
20250407,0.05,5200,260,0.16458084443991583,0.4212542978236419,39.069238056490434,内置演示数据（首次在线更新后自动替换）,演示快照
20250408,0.05,5200,260,0.187919436065863,0.4947278660662647,37.98440495379186,内置演示数据（首次在线更新后自动替换）,演示快照
20250409,0.05,5200,260,0.20081848928054014,0.5000039100977978,40.16338377059117,内置演示数据（首次在线更新后自动替换）,演示快照
20250410,0.05,5200,260,0.2561225911062587,0.6364017991360987,40.2454222244405,内置演示数据（首次在线更新后自动替换）,演示快照
20250411,0.05,5200,260,0.24905366913551888,0.5501857627562036,45.26719628073667,内置演示数据（首次在线更新后自动替换）,演示快照
20250414,0.05,5200,260,0.2938072651493108,0.6937462949658494,42.35082295665073,内置演示数据（首次在线更新后自动替换）,演示快照
20250415,0.05,5200,260,0.1453723780236112,0.35,41.5349651496032,内置演示数据（首次在线更新后自动替换）,演示快照
20250416,0.05,5200,260,0.17325132906574894,0.41304763942194583,41.94463604929728,内置演示数据（首次在线更新后自动替换）,演示快照
20250417,0.05,5200,260,0.217365763709711,0.4856382657146509,44.7587801570459,内置演示数据（首次在线更新后自动替换）,演示快照
20250418,0.05,5200,260,0.2513686854127375,0.637660082347933,39.42048316513258,内置演示数据（首次在线更新后自动替换）,演示快照
20250421,0.05,5200,260,0.21223333926640675,0.5142241990262877,41.272530477617046,内置演示数据（首次在线更新后自动替换）,演示快照
20250422,0.05,5200,260,0.15650340554686548,0.4108240396401575,38.094996992860366,内置演示数据（首次在线更新后自动替换）,演示快照
20250423,0.05,5200,260,0.22270614763761845,0.5144241609709619,43.292318777809065,内置演示数据（首次在线更新后自动替换）,演示快照
20250424,0.05,5200,260,0.1961721083062703,0.444527876547269,44.130440104223766,内置演示数据（首次在线更新后自动替换）,演示快照
20250425,0.05,5200,260,0.177293873910007,0.4356579878014642,40.695655508284275,内置演示数据（首次在线更新后自动替换）,演示快照
20250428,0.05,5200,260,0.3272016597878152,0.7143697089977283,45.802846294656604,内置演示数据（首次在线更新后自动替换）,演示快照
20250429,0.05,5200,260,0.22291727982098342,0.5341452033213336,41.73346094561477,内置演示数据（首次在线更新后自动替换）,演示快照
20250430,0.05,5200,260,0.24964892206705913,0.5844228880377473,42.7171705929037,内置演示数据（首次在线更新后自动替换）,演示快照
20250501,0.05,5200,260,0.2508624915056841,0.5719079971317298,43.864134225054734,内置演示数据（首次在线更新后自动替换）,演示快照
20250502,0.05,5200,260,0.2673380487362239,0.5684660525469697,47.027970718468715,内置演示数据（首次在线更新后自动替换）,演示快照
20250505,0.05,5200,260,0.2247807956365772,0.5310311022153024,42.32912059178064,内置演示数据（首次在线更新后自动替换）,演示快照
20250506,0.05,5200,260,0.2615887920423141,0.5835778085479733,44.8250067447193,内置演示数据（首次在线更新后自动替换）,演示快照
20250507,0.05,5200,260,0.2970245268615097,0.6459870463224151,45.97995092199781,内置演示数据（首次在线更新后自动替换）,演示快照
20250508,0.05,5200,260,0.34011844318696965,0.7435019491824317,45.74546758901844,内置演示数据（首次在线更新后自动替换）,演示快照
20250509,0.05,5200,260,0.3298337233794317,0.7172199520060542,45.987806454197404,内置演示数据（首次在线更新后自动替换）,演示快照
20250512,0.05,5200,260,0.258175275504265,0.5557121058150322,46.45845804017777,内置演示数据（首次在线更新后自动替换）,演示快照
20250513,0.05,5200,260,0.327395739055012,0.7445176636400054,43.974207066404375,内置演示数据（首次在线更新后自动替换）,演示快照
20250514,0.05,5200,260,0.3479731762267893,0.7160394280648292,48.596929524847944,内置演示数据（首次在线更新后自动替换）,演示快照
20250515,0.05,5200,260,0.28923748389813353,0.6409537638324037,45.12610740729861,内置演示数据（首次在线更新后自动替换）,演示快照
20250516,0.05,5200,260,0.32328013936735917,0.7187696460260521,44.97687696673292,内置演示数据（首次在线更新后自动替换）,演示快照
20250519,0.05,5200,260,0.36854340284454296,0.7635839216216153,48.264950637235934,内置演示数据（首次在线更新后自动替换）,演示快照
20250520,0.05,5200,260,0.32657048868963345,0.7354777768256127,44.40249576256956,内置演示数据（首次在线更新后自动替换）,演示快照
20250521,0.05,5200,260,0.3638317759621978,0.7843436702675699,46.38678040686945,内置演示数据（首次在线更新后自动替换）,演示快照
20250522,0.05,5200,260,0.3067774753879001,0.6913810650183774,44.37169180786659,内置演示数据（首次在线更新后自动替换）,演示快照
20250523,0.05,5200,260,0.47585683536698625,0.9346028312724203,50.91540699904881,内置演示数据（首次在线更新后自动替换）,演示快照
20250526,0.05,5200,260,0.3213685291057778,0.6358423917926658,50.54216787901254,内置演示数据（首次在线更新后自动替换）,演示快照
20250527,0.05,5200,260,0.3895520514349978,0.851655276359077,45.74057864120529,内置演示数据（首次在线更新后自动替换）,演示快照
20250528,0.05,5200,260,0.39982069422624555,0.8502264359224114,47.025201444422244,内置演示数据（首次在线更新后自动替换）,演示快照
20250529,0.05,5200,260,0.4085453781203291,0.8879780085876424,46.00850180627037,内置演示数据（首次在线更新后自动替换）,演示快照
20250530,0.05,5200,260,0.36047082919542023,0.7957116897967857,45.30168826443654,内置演示数据（首次在线更新后自动替换）,演示快照
20250602,0.05,5200,260,0.4446676977927866,0.9619198665837441,46.227104069699976,内置演示数据（首次在线更新后自动替换）,演示快照
20250603,0.05,5200,260,0.4018935550601938,0.875894662515151,45.88377715490896,内置演示数据（首次在线更新后自动替换）,演示快照
20250604,0.05,5200,260,0.3456481456304198,0.8059132193138804,42.88900310193319,内置演示数据（首次在线更新后自动替换）,演示快照
20250605,0.05,5200,260,0.38502353575779447,0.8296130812137689,46.41001262835491,内置演示数据（首次在线更新后自动替换）,演示快照
20250606,0.05,5200,260,0.4316399641505114,0.9436538094204981,45.741347074684455,内置演示数据（首次在线更新后自动替换）,演示快照
20250609,0.05,5200,260,0.381485573224301,0.8225088586245874,46.3807251708179,内置演示数据（首次在线更新后自动替换）,演示快照
20250610,0.05,5200,260,0.5056746693723606,1.1108795299997933,45.520207701770744,内置演示数据（首次在线更新后自动替换）,演示快照
20250611,0.05,5200,260,0.47885751917281494,1.067398066677738,44.86213101952231,内置演示数据（首次在线更新后自动替换）,演示快照
20250612,0.05,5200,260,0.5413837128292861,1.1462955718196643,47.22898056474886,内置演示数据（首次在线更新后自动替换）,演示快照
20250613,0.05,5200,260,0.536054427823006,1.1545254027392804,46.43071746634059,内置演示数据（首次在线更新后自动替换）,演示快照
20250616,0.05,5200,260,0.48285686409809064,1.005303826144263,48.030938661602164,内置演示数据（首次在线更新后自动替换）,演示快照
20250617,0.05,5200,260,0.4519401098833985,0.9805176357612723,46.091991964276396,内置演示数据（首次在线更新后自动替换）,演示快照
20250618,0.05,5200,260,0.37983113979365873,0.8523942061368363,44.56050229565777,内置演示数据（首次在线更新后自动替换）,演示快照
20250619,0.05,5200,260,0.48361157814376937,1.050595307707676,46.03214716416118,内置演示数据（首次在线更新后自动替换）,演示快照
20250620,0.05,5200,260,0.5046084524049285,1.2407319649950306,40.67022262999,内置演示数据（首次在线更新后自动替换）,演示快照
20250623,0.05,5200,260,0.5107190701806932,1.0495268599509933,48.6618389361222,内置演示数据（首次在线更新后自动替换）,演示快照
20250624,0.05,5200,260,0.4997547734429479,1.115107804323284,44.81672278728511,内置演示数据（首次在线更新后自动替换）,演示快照
20250625,0.05,5200,260,0.534564777387416,1.1035358917126303,48.441086638133655,内置演示数据（首次在线更新后自动替换）,演示快照
20250626,0.05,5200,260,0.5029059958696847,1.1937368318574637,42.128715680755114,内置演示数据（首次在线更新后自动替换）,演示快照
20250627,0.05,5200,260,0.5311023732800519,1.2822777888363805,41.41866746066058,内置演示数据（首次在线更新后自动替换）,演示快照
20250630,0.05,5200,260,0.4733074212711794,1.0717086543346466,44.163814424455204,内置演示数据（首次在线更新后自动替换）,演示快照
20250701,0.05,5200,260,0.48419448538927523,1.1022614398828732,43.92737220679025,内置演示数据（首次在线更新后自动替换）,演示快照
20250702,0.05,5200,260,0.5865461704207925,1.3440177317139415,43.64125238681241,内置演示数据（首次在线更新后自动替换）,演示快照
20250703,0.05,5200,260,0.5595383772917796,1.2984880139225319,43.09153194271702,内置演示数据（首次在线更新后自动替换）,演示快照
20250704,0.05,5200,260,0.5083804027884189,1.23358028727831,41.21178070298738,内置演示数据（首次在线更新后自动替换）,演示快照
20250707,0.05,5200,260,0.5513459252239596,1.4051028578224145,39.23883025036464,内置演示数据（首次在线更新后自动替换）,演示快照
20250708,0.05,5200,260,0.49875819993380865,1.1732410846688655,42.511143400214095,内置演示数据（首次在线更新后自动替换）,演示快照
20250709,0.05,5200,260,0.5360037761092776,1.3705338366488942,39.10912388853279,内置演示数据（首次在线更新后自动替换）,演示快照
20250710,0.05,5200,260,0.5038610217389153,1.3038421711429806,38.64432619917625,内置演示数据（首次在线更新后自动替换）,演示快照
20250711,0.05,5200,260,0.5531791664190845,1.3707455530294987,40.35607959453142,内置演示数据（首次在线更新后自动替换）,演示快照
20250714,0.05,5200,260,0.4768904594238957,1.1438127121282793,41.693054672958745,内置演示数据（首次在线更新后自动替换）,演示快照
20250715,0.05,5200,260,0.590354720536562,1.3261194984969802,44.51746024439489,内置演示数据（首次在线更新后自动替换）,演示快照
20250716,0.05,5200,260,0.598377809840844,1.4177248978271175,42.206905638601,内置演示数据（首次在线更新后自动替换）,演示快照
20250717,0.05,5200,260,0.5845169419957859,1.3651215275046382,42.81794186223467,内置演示数据（首次在线更新后自动替换）,演示快照
20250718,0.05,5200,260,0.6068524582932096,1.4816072693772155,40.95906323058851,内置演示数据（首次在线更新后自动替换）,演示快照
20250721,0.05,5200,260,0.5970397614549157,1.489499852752337,40.08323735995609,内置演示数据（首次在线更新后自动替换）,演示快照
20250722,0.05,5200,260,0.5838452369648082,1.325207123258163,44.056904518394255,内置演示数据（首次在线更新后自动替换）,演示快照
20250723,0.05,5200,260,0.5332874675032236,1.4775018809190055,36.093860481011305,内置演示数据（首次在线更新后自动替换）,演示快照
20250724,0.05,5200,260,0.5044513562658853,1.3414024402586235,37.60626498999261,内置演示数据（首次在线更新后自动替换）,演示快照
20250725,0.05,5200,260,0.5370663261543032,1.4339021427206284,37.45487994984756,内置演示数据（首次在线更新后自动替换）,演示快照
20250728,0.05,5200,260,0.590252085138566,1.4903593540387876,39.60468215528134,内置演示数据（首次在线更新后自动替换）,演示快照
20250729,0.05,5200,260,0.4902165545575459,1.3788481700901936,35.55261305713447,内置演示数据（首次在线更新后自动替换）,演示快照
20250730,0.05,5200,260,0.5871255438039151,1.5159314659993814,38.73034876394304,内置演示数据（首次在线更新后自动替换）,演示快照
20250731,0.05,5200,260,0.5401669935768316,1.4193522164359824,38.057290313267,内置演示数据（首次在线更新后自动替换）,演示快照
20250801,0.05,5200,260,0.542589347281158,1.4196173587919174,38.22081661095614,内置演示数据（首次在线更新后自动替换）,演示快照
20250804,0.05,5200,260,0.5789927752666592,1.5283799134052296,37.882778371292744,内置演示数据（首次在线更新后自动替换）,演示快照
20250805,0.05,5200,260,0.5509690092159489,1.4102204461348307,39.06970791169986,内置演示数据（首次在线更新后自动替换）,演示快照
20250806,0.05,5200,260,0.502247156468899,1.4108718308684651,35.59835454080472,内置演示数据（首次在线更新后自动替换）,演示快照
20250807,0.05,5200,260,0.5722313304058582,1.5692962338998946,36.46420083375799,内置演示数据（首次在线更新后自动替换）,演示快照
20250808,0.05,5200,260,0.504065412817344,1.4983334509625503,33.641737925127764,内置演示数据（首次在线更新后自动替换）,演示快照
20250811,0.05,5200,260,0.4528487320622658,1.3764204433591056,32.90046542443851,内置演示数据（首次在线更新后自动替换）,演示快照
20250812,0.05,5200,260,0.5954719674015803,1.563754988118492,38.07962065195721,内置演示数据（首次在线更新后自动替换）,演示快照
20250813,0.05,5200,260,0.47826111549791794,1.4647789676674763,32.650736121607764,内置演示数据（首次在线更新后自动替换）,演示快照
20250814,0.05,5200,260,0.48927571349790505,1.3865168752359938,35.28811817848429,内置演示数据（首次在线更新后自动替换）,演示快照
20250815,0.05,5200,260,0.4521282537618329,1.2990694934810276,34.80400825596295,内置演示数据（首次在线更新后自动替换）,演示快照
20250818,0.05,5200,260,0.5634166519693978,1.5722694696298618,35.83461123251572,内置演示数据（首次在线更新后自动替换）,演示快照
20250819,0.05,5200,260,0.4281183360017341,1.4309890120365136,29.917653622822513,内置演示数据（首次在线更新后自动替换）,演示快照
20250820,0.05,5200,260,0.4866490651414045,1.3995057446543007,34.772923726841455,内置演示数据（首次在线更新后自动替换）,演示快照
20250821,0.05,5200,260,0.5055158598564531,1.5488420139072108,32.638310125718085,内置演示数据（首次在线更新后自动替换）,演示快照
20250822,0.05,5200,260,0.4887750550187886,1.5602766388471956,31.326179143457416,内置演示数据（首次在线更新后自动替换）,演示快照
20250825,0.05,5200,260,0.4549312350852721,1.4304177422497362,31.804082237526234,内置演示数据（首次在线更新后自动替换）,演示快照
20250826,0.05,5200,260,0.5341805813465472,1.5634217500117797,34.16740117262168,内置演示数据（首次在线更新后自动替换）,演示快照
20250827,0.05,5200,260,0.5507555634955804,1.6512815959377403,33.353218787787306,内置演示数据（首次在线更新后自动替换）,演示快照
20250828,0.05,5200,260,0.5000854850315843,1.5905619499523265,31.440805247891994,内置演示数据（首次在线更新后自动替换）,演示快照
20250829,0.05,5200,260,0.4599964815288507,1.5735157550457308,29.23367497616711,内置演示数据（首次在线更新后自动替换）,演示快照
20250901,0.05,5200,260,0.4374784216970851,1.498232497568796,29.19963506378268,内置演示数据（首次在线更新后自动替换）,演示快照
20250902,0.05,5200,260,0.4679251213055394,1.4319500713200277,32.67747463249104,内置演示数据（首次在线更新后自动替换）,演示快照
20250903,0.05,5200,260,0.41461652362049123,1.4568026654423192,28.46071972929868,内置演示数据（首次在线更新后自动替换）,演示快照
20250904,0.05,5200,260,0.4564146843883456,1.489846421166863,30.635015656907573,内置演示数据（首次在线更新后自动替换）,演示快照
20250905,0.05,5200,260,0.4861811847491338,1.34679462937786,36.099133018797446,内置演示数据（首次在线更新后自动替换）,演示快照
20250908,0.05,5200,260,0.4345674268537746,1.3781564664780483,31.532517346476236,内置演示数据（首次在线更新后自动替换）,演示快照
20250909,0.05,5200,260,0.42134456330209086,1.317309922545403,31.985226565965426,内置演示数据（首次在线更新后自动替换）,演示快照
20250910,0.05,5200,260,0.4076674003925158,1.4416883453547802,28.2770823323951,内置演示数据（首次在线更新后自动替换）,演示快照
20250911,0.05,5200,260,0.3956388979277612,1.4203913951038167,27.854216752618655,内置演示数据（首次在线更新后自动替换）,演示快照
20250912,0.05,5200,260,0.43020908024062166,1.3519443774011506,31.821507410505653,内置演示数据（首次在线更新后自动替换）,演示快照
20250915,0.05,5200,260,0.4320570868223585,1.4597659701180374,29.59769549823265,内置演示数据（首次在线更新后自动替换）,演示快照
20250916,0.05,5200,260,0.4219266410080945,1.3000850901936476,32.453771233177406,内置演示数据（首次在线更新后自动替换）,演示快照
20250917,0.05,5200,260,0.39986317910984154,1.3175671842591574,30.348598833286587,内置演示数据（首次在线更新后自动替换）,演示快照
20250918,0.05,5200,260,0.5288671286594832,1.4238827935489884,37.14260268159407,内置演示数据（首次在线更新后自动替换）,演示快照
20250919,0.05,5200,260,0.4138885243265391,1.424031084882879,29.06457090159516,内置演示数据（首次在线更新后自动替换）,演示快照
20250922,0.05,5200,260,0.3921087183629771,1.2739643257043787,30.778626249693378,内置演示数据（首次在线更新后自动替换）,演示快照
20250923,0.05,5200,260,0.38181520126238,1.3437073284580177,28.415056848765953,内置演示数据（首次在线更新后自动替换）,演示快照
20250924,0.05,5200,260,0.4035288849017414,1.2499996014011803,32.282321086295376,内置演示数据（首次在线更新后自动替换）,演示快照
20250925,0.05,5200,260,0.3994468852592955,1.2833303060459509,31.12580474235235,内置演示数据（首次在线更新后自动替换）,演示快照
20250926,0.05,5200,260,0.36786929110054095,1.2971054263621193,28.36078576375033,内置演示数据（首次在线更新后自动替换）,演示快照
20250929,0.05,5200,260,0.39101041065786757,1.3165913946203394,29.698691048381175,内置演示数据（首次在线更新后自动替换）,演示快照
20250930,0.05,5200,260,0.4251784894173808,1.283028553750151,33.13866150325579,内置演示数据（首次在线更新后自动替换）,演示快照
20251001,0.05,5200,260,0.41710907916000894,1.2650523316701192,32.971685733296304,内置演示数据（首次在线更新后自动替换）,演示快照
20251002,0.05,5200,260,0.3166725474886742,1.1422247927403115,27.724187874520307,内置演示数据（首次在线更新后自动替换）,演示快照
20251003,0.05,5200,260,0.3698639759990084,1.244618235576939,29.717062262675196,内置演示数据（首次在线更新后自动替换）,演示快照
20251006,0.05,5200,260,0.4273921010163692,1.2424555146610101,34.39898619895283,内置演示数据（首次在线更新后自动替换）,演示快照
20251007,0.05,5200,260,0.3781097533459035,1.2380788400834362,30.540038413096706,内置演示数据（首次在线更新后自动替换）,演示快照
20251008,0.05,5200,260,0.3481451178184515,1.1097929798330812,31.370275731138104,内置演示数据（首次在线更新后自动替换）,演示快照
20251009,0.05,5200,260,0.4065985596716481,1.2248060276995398,33.19697572319523,内置演示数据（首次在线更新后自动替换）,演示快照
20251010,0.05,5200,260,0.29493975527204247,1.0302165901176537,28.62890756189041,内置演示数据（首次在线更新后自动替换）,演示快照
20251013,0.05,5200,260,0.3208843325028308,1.085015479840561,29.574170918739668,内置演示数据（首次在线更新后自动替换）,演示快照
20251014,0.05,5200,260,0.33491530505920686,1.0811922143853652,30.976481388149754,内置演示数据（首次在线更新后自动替换）,演示快照
20251015,0.05,5200,260,0.33730047580608125,0.9858791312371776,34.213167224952166,内置演示数据（首次在线更新后自动替换）,演示快照
20251016,0.05,5200,260,0.3563782904574485,1.0471565752379948,34.03295160291114,内置演示数据（首次在线更新后自动替换）,演示快照
20251017,0.05,5200,260,0.36039501716715044,1.0715952992973061,33.63163476020078,内置演示数据（首次在线更新后自动替换）,演示快照
20251020,0.05,5200,260,0.28627143042238057,0.8912185639969097,32.12134957540822,内置演示数据（首次在线更新后自动替换）,演示快照
20251021,0.05,5200,260,0.34493680423537076,0.9890673614726654,34.87495570794889,内置演示数据（首次在线更新后自动替换）,演示快照
20251022,0.05,5200,260,0.28113744506714317,0.8641095173119028,32.534932139355874,内置演示数据（首次在线更新后自动替换）,演示快照
20251023,0.05,5200,260,0.39384653335531816,1.1506394307755814,34.22849268166035,内置演示数据（首次在线更新后自动替换）,演示快照
20251024,0.05,5200,260,0.34703124113206735,0.9876644531861997,35.13655270396202,内置演示数据（首次在线更新后自动替换）,演示快照
20251027,0.05,5200,260,0.35627117395786023,0.9641129175926398,36.953262160148036,内置演示数据（首次在线更新后自动替换）,演示快照
20251028,0.05,5200,260,0.3221965436036053,0.9560449215072627,33.70098374620755,内置演示数据（首次在线更新后自动替换）,演示快照
20251029,0.05,5200,260,0.3232652149408623,0.969342634002818,33.348911272577176,内置演示数据（首次在线更新后自动替换）,演示快照
20251030,0.05,5200,260,0.3629652564385304,0.9828230972996675,36.93088384224862,内置演示数据（首次在线更新后自动替换）,演示快照
20251031,0.05,5200,260,0.2851000297228304,0.7631821434936295,37.356747947183884,内置演示数据（首次在线更新后自动替换）,演示快照
20251103,0.05,5200,260,0.33023057301276154,0.9769005509642691,33.80390897382552,内置演示数据（首次在线更新后自动替换）,演示快照
20251104,0.05,5200,260,0.31503308703994254,0.9557143651888477,32.96310053660149,内置演示数据（首次在线更新后自动替换）,演示快照
20251105,0.05,5200,260,0.3163980764237907,0.8348625427739452,37.898223984575324,内置演示数据（首次在线更新后自动替换）,演示快照
20251106,0.05,5200,260,0.26460281975771044,0.8149714785072606,32.467739882427445,内置演示数据（首次在线更新后自动替换）,演示快照
20251107,0.05,5200,260,0.18314022438400976,0.5607434276780696,32.66025339652363,内置演示数据（首次在线更新后自动替换）,演示快照
20251110,0.05,5200,260,0.24855571045251731,0.694151758323233,35.807113858346945,内置演示数据（首次在线更新后自动替换）,演示快照
20251111,0.05,5200,260,0.300565393112889,0.8201149864527487,36.649177015155814,内置演示数据（首次在线更新后自动替换）,演示快照
20251112,0.05,5200,260,0.2977387187884839,0.8598384041055582,34.62728779813049,内置演示数据（首次在线更新后自动替换）,演示快照
20251113,0.05,5200,260,0.3027926537844407,0.8075403553776478,37.495668392056906,内置演示数据（首次在线更新后自动替换）,演示快照
20251114,0.05,5200,260,0.27618741086607856,0.7288991949092707,37.89102976035758,内置演示数据（首次在线更新后自动替换）,演示快照
20251117,0.05,5200,260,0.3211796474118608,0.8750436804020859,36.7044131173289,内置演示数据（首次在线更新后自动替换）,演示快照
20251118,0.05,5200,260,0.3311532728365971,0.7877153733853337,42.03971180775774,内置演示数据（首次在线更新后自动替换）,演示快照
20251119,0.05,5200,260,0.25928170349245794,0.6624478705294978,39.139940669627755,内置演示数据（首次在线更新后自动替换）,演示快照
20251120,0.05,5200,260,0.34943202831041903,0.8555155109822994,40.84461635408604,内置演示数据（首次在线更新后自动替换）,演示快照
20251121,0.05,5200,260,0.2089091088636348,0.5806004257356462,35.98156315489053,内置演示数据（首次在线更新后自动替换）,演示快照
20251124,0.05,5200,260,0.19522413747290757,0.5382622608698702,36.26933405240253,内置演示数据（首次在线更新后自动替换）,演示快照
20251125,0.05,5200,260,0.24674595615610984,0.6104188978455246,40.42239796752696,内置演示数据（首次在线更新后自动替换）,演示快照
20251126,0.05,5200,260,0.24885504288174723,0.5719093645645633,43.513021170971534,内置演示数据（首次在线更新后自动替换）,演示快照
20251127,0.05,5200,260,0.2255613512021815,0.5923074834202409,38.08179999680102,内置演示数据（首次在线更新后自动替换）,演示快照
20251128,0.05,5200,260,0.27448109232502893,0.67467121644494,40.68368201201145,内置演示数据（首次在线更新后自动替换）,演示快照
20251201,0.05,5200,260,0.22849278346699847,0.5978599209423392,38.218448078414596,内置演示数据（首次在线更新后自动替换）,演示快照
20251202,0.05,5200,260,0.23332540325196835,0.5901126320114446,39.53913042950134,内置演示数据（首次在线更新后自动替换）,演示快照
20251203,0.05,5200,260,0.24410108428175892,0.586134296286839,41.6459309458838,内置演示数据（首次在线更新后自动替换）,演示快照
20251204,0.05,5200,260,0.1571675381728162,0.38756084482555453,40.55299710257342,内置演示数据（首次在线更新后自动替换）,演示快照
20251205,0.05,5200,260,0.17362612964912838,0.4429187208348486,39.20044953662468,内置演示数据（首次在线更新后自动替换）,演示快照
20251208,0.05,5200,260,0.20712671088907864,0.525391581974894,39.423302160744605,内置演示数据（首次在线更新后自动替换）,演示快照
20251209,0.05,5200,260,0.18565140096080937,0.481352147983768,38.56872805874959,内置演示数据（首次在线更新后自动替换）,演示快照
20251210,0.05,5200,260,0.22789884278543066,0.5233147239693734,43.54909815202682,内置演示数据（首次在线更新后自动替换）,演示快照
20251211,0.05,5200,260,0.28527378160478584,0.6477682640014629,44.03948100861909,内置演示数据（首次在线更新后自动替换）,演示快照
20251212,0.05,5200,260,0.231791571836384,0.523578436747512,44.27064897406424,内置演示数据（首次在线更新后自动替换）,演示快照
20251215,0.05,5200,260,0.17363144398408764,0.4183800331866643,41.5008915845227,内置演示数据（首次在线更新后自动替换）,演示快照
20251216,0.05,5200,260,0.20767297946732102,0.45585327107904766,45.55697910771585,内置演示数据（首次在线更新后自动替换）,演示快照
20251217,0.05,5200,260,0.2944720672656122,0.6518291505002594,45.17626544311707,内置演示数据（首次在线更新后自动替换）,演示快照
20251218,0.05,5200,260,0.27878727530075326,0.6338032770126005,43.98640483760243,内置演示数据（首次在线更新后自动替换）,演示快照
20251219,0.05,5200,260,0.24369398775871126,0.555637692311089,43.858433495593836,内置演示数据（首次在线更新后自动替换）,演示快照
20251222,0.05,5200,260,0.16376727773677094,0.38027924212869907,43.06500581521267,内置演示数据（首次在线更新后自动替换）,演示快照
20251223,0.05,5200,260,0.2370839393900373,0.5276823132581479,44.92929428052543,内置演示数据（首次在线更新后自动替换）,演示快照
20251224,0.05,5200,260,0.25521991665583,0.5322457349112582,47.95151936696742,内置演示数据（首次在线更新后自动替换）,演示快照
20251225,0.05,5200,260,0.2369809741190579,0.5025590142708618,47.15485493039698,内置演示数据（首次在线更新后自动替换）,演示快照
20251226,0.05,5200,260,0.20230869028450477,0.45443567483308556,44.51866380402746,内置演示数据（首次在线更新后自动替换）,演示快照
20251229,0.05,5200,260,0.21788420550944607,0.471102300953915,46.24987079627113,内置演示数据（首次在线更新后自动替换）,演示快照
